County,2018_Rep_Gov,2018_Rep_Sen,2018_Dem_Sen,2018_Dem_Gov,2018_Dem_Gov_Runoff,2016_Rep_Pres,2016_Dem_Pres,2014_Rep_Sen,2014_Rep_Gov,2014_Dem_Sen,2014_Dem_Gov,2014_Dem_Sen_Runoff,2012_Rep_Pres,2012_Rep_Sen,2012_Dem_Pres,2012_Dem_Sen,2012_Dem_Sen_Runoff,2010_Rep_Gov,2010_Dem_Gov,2008_Rep_Pres,2008_Rep_Sen,2008_Dem_Pres,2008_Dem_Sen,2006_Rep_Sen,2006_Rep_Gov,2006_Dem_Sen,2006_Dem_Gov,2006_Sen_Dem_Runoff,2004_Rep_Pres,2004_Dem_Pres,2002_Rep_Sen,2002_Rep_Gov,2002_Dem_Sen,2002_Dem_Gov,2002_Dem_Sen_Runoff,2000_Rep_Pres,2000_Rep_Sen,2000_Dem_Pres,2000_Dem_Sen,2000_Dem_Sen_Runoff,1998_Rep_Gov,1998_Dem_Gov,1996_Rep_Pres,1996_Rep_Sen,1996_Dem_Pres,1996_Dem_Sen,1996_Dem_Sen_Runoff,1994_Rep_Sen,1994_Rep_Gov,1994_Dem_Sen,1994_Dem_Gov,1994_Dem_Sen_Runoff,1992_Rep_Pres,1992_Dem_Pres
ALL COUNTIES,10.16,10.16,6.84,6.71,2.85,19.92,10.08,9.66,9.84,3.75,4.07,1.48,11.09,10.77,4.52,3.81,1.81,11.4,5.23,10.68,9.6,22.54,17.07,4.93,5.16,3.94,4,1.63,5.61,6.84,5.07,5.08,7.81,8.21,5.08,9.7,8.22,6.78,5.32,2.11,5.35,4.41,10.52,10.17,9.5,9.18,4.97,6.14,6.16,11.37,11.47,8.26,10,17.16
ANDERSON,22.87,22.66,3.12,3.18,0.97,31.62,4.9,21.4,21.76,2.38,2.6,0.57,17.96,17.54,2.19,2.06,0.63,17.07,4.42,15.68,13.98,19.79,15.86,6.97,7.38,7.9,8.01,7.82,12.23,8.19,3.8,3.99,16.64,16.7,7.36,13.94,12.66,12.11,10.07,2.14,2.97,16.62,7.91,7.64,20.99,23.26,5.19,3.31,3.39,26.44,26.36,23.64,3.1,39.44
ANDREWS,23.07,22.73,0.56,0.53,0.14,33.8,1.34,15.7,16.43,0.8,0.86,0.12,13.64,13.35,1.09,1.1,0.19,15.33,2.98,12.01,10.91,15.31,12.3,4.12,4.17,12.45,12.41,7.17,3.86,15.19,1.97,2.04,16.37,17.17,8.41,6.6,5.87,20.74,17.51,0.69,4.39,13.3,7.38,7.2,20.61,22.26,9.04,3.66,3.66,11.37,10.59,4.35,4.07,34.27
ANGELINA,15.58,15.82,3.44,3.35,0.82,27.22,5.31,16.79,17.31,1.8,1.89,0.5,22.41,21.06,2.74,2.54,0.6,10.78,6.7,10.59,9.26,26.73,20.49,5.62,5.9,6.74,6.91,0.61,6.5,10.32,2.2,2.23,16.7,17.2,4.37,6.92,6.15,15.79,13.31,6.46,2.44,8.43,8.32,8.09,17.54,18.22,6.83,2.2,2.22,25.05,25.07,15.32,4.98,29.57
ARANSAS,19.07,18.9,3.29,3.12,1.41,33.26,4.84,19.69,20.31,1.82,2.02,0.41,21.55,20.72,3.07,2.85,0.9,15.94,2.88,26.8,23.93,15.71,12.97,14.26,20.46,2,1.99,0.61,16.63,4.42,14.9,15.94,6.65,7.05,1.45,20.88,18.69,5.2,4.51,0.31,7.81,6.12,20.45,20.13,15.24,14.65,12.97,16.22,16.35,13.81,13.94,12.34,24.4,13.26
ARCHER,23.29,23.48,1.77,1.68,0.29,39.97,2.72,20.34,21.14,0.87,0.95,0.29,22.99,24.57,1.28,1.18,0.18,18.25,3.03,20.38,17.68,18.06,13.09,3.26,3.42,3.92,4.16,0.54,2.65,14.11,2.7,3.14,12.39,12.58,1.84,7.61,7.18,11.66,9.43,1.06,2.35,4.26,5.98,5.8,16.63,16.83,4.67,2.52,2.53,14.4,15.1,6.39,2.51,32.95
ARMSTRONG,43.8,43.59,0.71,0.64,0.07,56.04,0.36,40.03,41.6,0,0,0,25.09,24.24,0,0,0,36.53,0,37.39,30.41,0,0,12.84,12.05,0,0,0,28.79,3.17,13.66,15.33,6.54,6.54,1.53,35.67,31.76,4.45,3.44,0,9.2,10.09,35.5,34.07,5.8,5.65,2.65,8.15,8.15,13.83,14.87,8.37,5.29,38.5
ATASCOSA,12.44,12.35,4.2,4.18,1.08,18.01,7.56,8.28,8.42,3.73,3.88,1.23,11.15,10.79,4.38,3.83,0.62,9.21,7.75,7.55,6.99,23.63,19.88,2.58,2.84,7.57,7.97,0.68,2.2,11.41,2.85,2.97,17.88,18.69,5.25,4.97,4.51,8.71,7.02,0.33,2.3,6.48,6.13,6.04,11.56,12,4.26,3.79,3.81,19.12,18.69,15,3.44,23.52
AUSTIN,18.52,18.59,2.56,2.55,0.91,32.56,3.58,19.76,19.92,0.92,0.98,0.29,24.57,24.25,1.5,1.43,0.28,28.98,3.11,16.94,15.08,17.28,13.31,18.04,18.74,2.65,2.74,1.02,16.01,3.07,17.74,18.84,3.97,3.96,1.25,21.64,19.36,4.25,3.76,0.17,9.51,3.45,19.91,19.43,7.23,7.07,1.87,0.88,5.2,18.55,18.17,7.07,7.65,18.15
BAILEY,24.88,24.93,1.14,1.14,0.6,26.23,3.23,13.26,13.43,0.86,1.09,0.23,20.46,19.78,0.57,0.43,0.17,23.04,1.88,17.98,15.26,13.37,10.12,9.41,9.25,2.18,2.08,0.23,17.88,6.94,9.15,10.59,5.67,5.93,1.37,4.81,4.65,13.51,9.99,0.43,2.56,6.66,5.29,5.23,9.72,9.74,2.28,2.11,2.19,19.6,19.86,6.32,4.19,25.68
BANDERA,18.91,18.66,3.25,3.18,1.73,35.55,4.61,19.33,19.43,1.55,1.67,0.74,28.29,26.74,1.32,1.24,0.53,22.64,2.07,28.15,25.15,12.21,9.52,14.17,14.71,1.3,1.35,0.36,26.1,2.17,12.65,13.04,2.52,2.62,1.17,32.06,28.01,3.02,2.61,0.47,18.24,2.04,28.39,27.77,3.23,3.01,0.84,21.21,21.6,4.98,4.91,3.25,29.79,8.67
BASTROP,14.99,14.84,7.81,7.67,3.84,25.55,11.65,11.13,11.41,3.91,4.26,1.42,12.73,12.39,7.02,6.25,2.69,14.66,7.33,12.11,11.03,29.11,23.51,4.81,5.03,5.73,5.86,1.51,8.21,13.1,4.87,4.91,13.46,13.71,6.09,10.83,9.86,9.04,7.58,0.57,4.79,11.69,9.82,9.58,16.87,16.48,5.29,3.34,3.38,25.38,25.36,13.63,4.22,33.87
BAYLOR,19.63,19.16,1.28,1.32,0.13,32.35,3.11,21.77,22.97,1.12,1.28,0,8.76,8.28,2.89,2.89,0.52,10.94,8.37,4.75,3.7,32.72,21.57,0.5,0.5,17.04,16.65,0.04,1.2,14.64,0.92,0.92,31.54,33.47,1.73,5.17,4.37,9.5,7.47,0.59,1.82,12.22,1.31,1.27,33.87,33.94,42.15,1.33,1.29,32.02,33.72,39.31,0.98,49.57
BEE,9.36,9.33,4.57,4.5,0.69,20.05,10.02,8.67,8.9,6.97,7.85,0.75,11.25,11.07,8.02,6.9,2.11,11.66,6.27,5.81,5.45,28.05,22.5,4.88,5,10.84,10.58,0.61,4.67,21.31,5.05,5.07,14.34,15.64,13.18,7.54,6.99,10.74,8.47,3.67,5.39,8.95,8.24,8.09,14.86,13.89,9.9,7.24,7.29,21.65,22.11,12.51,6.29,22.24
BELL,9.84,9.73,3.91,3.81,1.75,18.34,6.17,8.32,8.43,1.56,1.63,0.46,11.04,10.61,1.59,1.45,0.43,9.86,2,12.21,11.13,16.53,12.55,5.81,6.14,1.52,1.54,0.3,5.96,2.32,4.87,4.96,2.63,2.72,1.74,12.4,9.82,2.85,2.12,0.3,5.79,1.93,11.29,9.35,5.17,4.4,1.51,4.96,4.94,8.19,8.22,5.26,9.47,10.96
BEXAR,6.38,6.4,7.67,7.69,3.18,13.57,11.72,6.87,6.82,4.32,4.55,1.74,7.43,7.28,4.63,3.81,2.38,7.49,4.73,7.98,6.92,23.38,18.93,2.07,2.22,3.77,3.78,0.63,2.5,5.68,4.18,3.95,6.82,7.27,2.54,7.84,7.03,5.4,4.32,1.29,4.24,3.74,9.66,9.4,5.55,5.16,1.68,5.29,5.29,5.78,6.04,4.41,10.46,11.36
BLANCO,22.39,22.73,6.71,6.58,4.37,39.72,6.83,22.95,23.43,2.12,2.32,0.7,27.1,26.03,1.3,1.14,0.68,26.18,4.15,16.06,14.63,21.11,15.5,9.2,9.6,1.51,1.54,0.37,14.58,5.51,14.52,15.68,3.64,3.83,2.08,28.34,23.24,2.53,2.16,0.3,6.61,2.22,17.24,16.85,5.14,5.03,2.04,14.36,14.23,6.34,6.06,3.37,9.9,10.48
BORDEN,53.29,53.7,0.41,0.41,0.21,70.29,1.13,47.2,48.99,0,0,0,26.24,26,12.06,12.29,2.36,21.71,30.26,0,0,32.18,24.31,5.44,4.54,14.51,14.51,2.27,1.26,35.08,3.66,3.66,27.31,28.82,20.65,4.59,3.76,38,30.9,33.19,6.08,17.57,10.49,9.15,14.96,18.53,6.47,2.68,2.89,53.4,49.9,16.29,2.61,42.34
BOSQUE,20.63,20.66,3.2,3.17,1.29,36.58,4.9,21.99,22.86,1.9,2.02,0.48,21.65,21.07,2.29,2.08,0.64,19.05,7.07,11.78,10.81,25.32,19.26,4.79,4.97,3.26,3.33,0.96,9.41,16.49,5.46,5.76,16.82,16.75,5.39,8.01,7.03,23.88,19.84,5.44,3.66,12.8,7.42,7.26,23.59,24.39,8.91,3.09,3.16,30.67,30.45,16.87,5.34,29.52
BOWIE,13.04,13.25,2.74,2.68,0.89,28.94,5.6,15.84,16.09,0.49,0.54,0.43,14.16,12.94,3.15,2.79,0.59,12.02,7.54,13.17,11.33,17.26,13.21,2.92,3.02,5.29,5.78,0.97,6.92,16.29,1.87,1.96,18.5,18.99,5.77,5.48,4.99,20.55,15.79,9.61,1.57,7.88,4.91,4.89,19.22,27.71,22.4,3.32,3.37,21.67,21.35,11.47,3,34.03
BRAZORIA,12.12,12.11,5.01,4.95,2.16,20.94,6.9,10.04,10.17,1.53,1.59,0.51,13.38,13.06,1.95,1.81,0.56,13.79,3.08,14.59,12.9,18.09,14.37,7.73,4.88,1.47,1.55,0.39,8.01,2.63,6.01,6.23,2.95,3.08,1.61,14,6.97,2.81,2.39,0.38,10.21,1.94,14.25,13.84,3.88,3.91,2.56,7,6.64,7.51,7.4,6.28,9.81,10.98
BRAZOS,11.72,11.76,4.88,4.68,1.46,26.79,7.61,11.61,11.89,1.96,2.15,0.87,15.26,14.66,1.37,1.24,0.57,19.16,2.62,15.77,14.2,16.54,11.63,8.7,9.49,1.43,1.47,0.4,10.53,2.51,11.06,11.46,3.77,3.84,2.11,15.79,14.06,2.56,2.23,0.4,12.92,2.3,15.95,15.57,4.51,4.71,2.03,8.88,9.11,6.6,6.66,3.54,12.95,10.05
BREWSTER,9.6,9.67,13.95,12.9,7.53,17.66,23.1,7.06,7.29,15.99,19.84,19.18,8.16,7.2,22.49,17.38,19.02,7,25.29,15.3,13.51,37.53,27.56,3.44,3.47,9.96,10.35,2.12,4.73,23.77,1.64,1.79,14.93,16.2,3.71,9.82,8.59,25.3,17.81,15.88,3.63,11.51,12.91,12.37,23.51,22.89,21.35,4.31,4.27,29.84,32.49,23.61,7.34,17.09
BRISCOE,40.93,41.68,2.62,2.43,1.03,42.15,2.6,29.66,29.92,1.24,1.77,0.79,33.95,32.11,2.01,2.01,0.61,20.2,5.47,21.97,18.68,21.97,16.2,19.55,19.87,7.79,7.95,0.87,7.19,5.8,8.29,9.07,28.23,30.02,13.84,8.11,7.34,17.47,13.21,1.93,3.9,16.27,4.81,5.19,35.19,35.57,40.61,0,0,32.12,33.75,21.38,1.57,45.4
BROOKS,0.12,0.12,33.09,32.33,13.62,0.9,33.51,0,0,23.17,24.57,26.82,0,0,30.95,25.56,3.8,0,42.32,0,0,49.88,44.24,0,0,34.09,33.14,32.32,0,38.95,0.06,0.05,43.55,46.8,35.61,0.08,0.08,40.4,33.75,16.49,0.09,33.67,0.28,0.3,46.69,43.62,42.28,0,0,43.87,45.18,18.71,0,52.58
BROWN,20.72,20.67,1.56,1.5,0.37,38.78,2.42,25.44,26.48,0.83,0.93,0.13,23.09,22.21,0.9,0.88,0.25,23.71,2.05,21.41,19.22,10.78,8.83,9.74,10.13,1.88,1.87,0.34,15.11,3.54,4.13,4.16,4.24,4.31,2.03,9.29,8.54,6.15,5.21,0.27,3.87,6.3,10.63,10.82,11.14,11.6,2.62,3.39,3.37,14.16,13.88,13.61,3.97,36.48
BURLESON,14.88,14.83,3.7,3.68,1.55,29.67,5.68,10.21,10.39,1.92,2.12,0.85,13.24,12.83,2.51,2.28,1.08,15.28,4.11,12.06,10.77,20.35,15.31,9.46,9.98,3.92,4.07,1.01,10.4,11.58,6.93,7.21,11.41,11.78,3.58,12.21,10.9,11.13,9.77,1.33,3.95,14.32,5.99,5.8,11.29,11.44,3.64,1.61,1.67,28.36,28.08,15.89,1.28,43.73
BURNET,16.61,16.56,3.62,3.57,2.02,36.53,5.3,22.23,22.3,1.7,1.83,0.66,23.49,22.78,1.73,1.63,0.71,23.27,3.34,22.99,21.13,17.26,13.7,13.97,14.89,2.43,2.51,0.68,16.05,5.62,12.38,12.41,6.61,6.75,2.25,17.17,15.46,6.44,5.53,0.34,7.88,5.16,11.86,11.66,21.81,21.88,4.86,6.22,6.21,23.11,22.99,12.83,8.52,33.64
CALDWELL,10.24,10.01,7.4,7.27,2.92,18.8,10.98,5.94,6.06,8.41,10.06,4.87,9.26,9.01,6.6,5.7,1.91,9.91,12.07,8.36,7.5,25.55,20.82,3.71,4.48,7.57,7.77,1.02,5.65,12.63,6.2,6.37,10.1,10.37,7.16,6.31,5.74,13.41,11.09,9.8,3.61,9.06,6.44,6.4,12.39,12.03,4.14,3.01,2.98,13.09,12.66,11.29,3.97,25.48
CALHOUN,16.12,16.25,4.8,4.79,1.8,20.8,8.45,8.02,7.99,11.58,13.19,6.21,7.87,7.71,15.38,14.01,2.49,8.09,16.51,6.4,5.68,29.01,24.32,3.2,3.35,13.94,13.55,13.6,1.92,14.75,2.36,2.54,16.3,16.67,2.86,5.1,4.59,12.94,11.3,0.7,2.89,17.67,6.67,6.54,20.37,19.65,8.43,2.5,2.57,34.65,34.94,25.44,3.78,23.01
CALLAHAN,22.73,22.91,1.02,0.96,0.38,38.5,2.23,18.46,18.88,0,0,0,24.72,23.48,0,0,0,17.18,2.16,14.63,12.75,15.98,11.89,6.08,6.58,1.98,1.9,0.23,5.73,2.78,2.89,2.92,9.84,10.61,4.36,7.74,6.98,10.47,8.26,0.28,2.32,12.84,5.74,5.61,16.35,16.88,2.02,1.1,1.09,30.13,29.2,17.95,2.4,41.64
CAMERON,2,1.99,7.03,6.81,5.77,6.78,16.01,2.13,2.14,7.99,8.67,5.31,3.05,2.9,12.39,10.29,7.7,2.69,9.08,2.88,2.59,28.95,23.7,1.2,1.29,8.49,8.58,3.52,1.6,14.74,1.61,1.67,14.22,15.79,8.4,4.31,3.91,13.89,10.76,8.21,2.35,10.37,4.3,4.23,15.66,13.66,11.97,3.27,3.23,17.72,17.51,8.13,4.25,20.96
CAMP,14.27,14.55,4.56,4.35,1.38,25.99,8.74,13.6,13.92,2.57,2.72,0.76,10.65,10.32,6.15,5.78,1.25,14.69,8.31,10.32,9.31,26.22,19.67,2.89,3.04,5.96,6.53,1.36,1.36,18.01,2.69,2.83,24.2,24.77,7.95,4.31,3.93,27.82,20.66,1.23,2.48,8.96,6.32,6.22,25.13,28.79,15.92,4.29,4.63,19.41,19.66,15.8,0,37.5
CARSON,26.02,26.52,1.59,1.45,0.31,36.37,1.89,23.43,24.1,1.1,1.19,0.19,25.86,25.35,1.43,1.34,0.28,24.32,2.48,21.5,19.21,12.6,9.55,16.93,17.04,3.48,3.5,0.77,12.59,4.74,8.09,8.12,6.4,6.38,2.06,14.82,13.56,4.8,4.18,1.02,14.28,6.31,11.77,11.12,10.71,10.81,3.14,6.37,6.47,23.07,23.82,23.92,9.73,27.1
CASS,18.83,19.03,2.64,2.6,0.9,28.14,5.53,17.45,18.1,3.09,3.42,0.65,13,11.27,7.8,7.45,1.68,7.57,14.72,8.38,6.72,31.15,22.52,1.39,1.46,12.82,13.38,1.85,2.52,15.67,1.11,1.17,26.89,27.78,13.88,2.63,2.44,25.59,20.18,5.9,1.28,11.23,3.2,3.14,27.67,32.58,24.8,1.63,1.63,23.62,22.69,15.13,2.6,31.4
CASTRO,16.1,16.07,3.32,3.27,0.5,26.65,4.43,15.77,16.34,1.89,2.06,0.33,18.64,18.72,2.67,2.4,0,12.35,6.06,9.13,7.67,21.4,15.8,8.82,8.73,7.22,6.31,0.42,4.62,9.29,2.66,2.91,8.11,8.13,1.09,4.11,3.8,23.26,17.66,12.34,3.86,15.14,7.03,6.92,11.26,11.61,2.16,6.53,6.66,20.9,21.37,17.11,4.02,35.76
CHAMBERS,19.21,19.28,2.52,2.49,0.58,27.59,3.96,16.05,16.04,1.2,1.22,0.22,21.67,20.87,1.63,1.39,0.49,20.22,3.56,15.83,13.39,15.87,11.13,11.41,11.96,4.6,4.79,0.42,10.03,5.17,2.8,2.89,13.56,13.76,2.2,9.84,8.83,14.25,12.39,11.15,3.06,12.76,5.18,5,18.51,18.11,10.47,2.26,2.3,20.33,20.19,12.27,2.53,31.61
CHEROKEE,21.67,21.64,2.8,2.75,1.02,32.13,5.01,19.16,19.7,1.54,1.64,0.62,21.37,20.57,1.99,1.88,0.72,20.01,3.2,14.57,13.1,19,14.53,9.12,9.66,4.67,4.64,0.49,2.86,9.1,2.54,2.55,12.9,13.17,10.32,7.79,7.08,18.36,15.46,6.17,4.07,8.47,6.24,6.2,15.24,16.84,5.23,2.48,2.63,22.66,22.29,12.49,2.92,35.54
CHILDRESS,26.79,26.39,1.71,1.71,0.11,27.68,2.59,22.87,23.87,1.29,1.35,0.23,19.23,17.18,0.57,0.6,0.43,18.75,2.35,10.06,8.57,18.66,12.56,3.29,3.23,5.15,4.9,0.33,1.93,4.94,1.88,2.09,13.63,14.3,6.42,7.18,6.78,8.04,6.41,0.8,0.9,16.1,3.1,3.07,24.33,24.35,1.4,2.54,2.48,17.69,17.28,6.11,2.93,40.22
CLAY,27.1,26.93,1.58,1.59,0.69,39.24,2.58,18.77,19.73,1.13,1.21,0.14,23.76,21.56,3.7,3.29,0.39,13.9,5.26,14.43,12.26,26.59,18.88,2.46,2.58,6.42,6.54,0.76,2.4,20.72,3.3,3.7,11.15,11.78,3.68,4.86,4.45,22.04,17.37,13.73,1.96,4.49,3.49,3.28,15.75,16.2,3.74,1.34,1.32,25.77,25.86,20.89,1.44,46.07
COCHRAN,24.3,24.94,0.93,0.93,0.41,43.02,0.46,35.22,36.14,0,0,0,35.16,34.83,0,0,0,29.63,0,14.25,12.32,16.68,12.73,6.18,6.03,6.48,6.83,0.8,2.84,7.58,4.07,4.44,14.19,15.49,3.65,6.96,6.78,9.46,7,2.01,2.93,16.67,3.77,3.6,28.08,28.72,29.23,2.2,2.16,36.91,37.35,33.61,2.98,45.55
COKE,27.18,27.31,1.27,1.36,0.09,40.65,2.48,22.98,24.35,0.95,1.13,0.33,23.43,21.46,1.71,1.63,0.21,13.13,11.4,5.43,4.53,30.94,20.37,8.51,8.59,9.66,9.7,1.19,2.38,23.43,2.34,2.88,27.44,30.83,1.79,5.47,4.98,11.06,8.35,1.34,1.11,21.54,3.12,2.95,31.52,30.92,4.92,1.18,1.27,26.93,26.11,11.72,0,34.07
COLEMAN,27.28,27.2,1.34,1.27,0.39,39.79,2.14,24.49,25.63,1.09,1.17,0.25,12.45,12.27,0.76,0.73,0.45,21.17,2.29,28.55,23.94,11.31,8.5,2.75,2.84,9.12,9.09,0.99,4.35,6.49,1.12,1.09,17.3,17.99,16.64,4.37,4.05,14.22,11.09,0.52,1.97,10,4.52,4.42,20.05,21.75,11.99,3.61,3.63,31.29,31.91,29,2.52,38.33
COLLIN,11.92,11.98,6.29,6.12,2.44,23.33,8.01,9.38,9.63,1.82,2.03,0.5,11.17,10.79,1.28,1.13,0.42,13.76,1.47,13.43,11.15,18.89,10.94,4.15,4.24,0.59,0.58,0.26,4.93,1.96,5.28,5.69,2.03,2.01,2.01,11.58,10.57,1.35,1.06,0.09,4.75,0.47,12.98,12.68,1.42,1.4,0.64,7.47,7.56,1.96,1.92,2.03,19.49,5.9
COLLINGSWORTH,25.22,25.91,0.74,0.69,0.26,30.91,3.31,13.06,13.7,0,0,0,13.91,12.67,4.91,4.69,0.65,14.97,5.54,9.75,7.83,27.78,19.19,4.79,4.4,7.05,7.1,0.57,4.54,22.23,2.49,2.95,26.38,28.92,1.73,2.95,2.69,32.65,24.67,1.3,1.51,21.84,2.3,2,33.3,34.35,4.04,2.16,2.16,42.16,44.19,9.98,0,52.05
COLORADO,22.11,21.85,3.17,3.12,1.48,28.11,4.74,17.58,17.96,1.73,1.78,0.47,22.98,22.41,1.87,1.74,0.67,23.68,4.01,14.09,12.51,22.39,17.17,11.83,12.57,3.66,4.68,0.4,5.69,6.9,3.36,3.34,7.36,7.37,2.93,8.12,7.48,17.18,14.28,1.34,4.59,11.79,8.22,8.04,26.22,25.8,5.11,2.35,2.37,36.05,35.28,10.14,3.5,37.52
COMAL,18.6,18.52,4.35,4.25,2.01,33.49,6.04,18.04,18.22,1.95,2.08,0.85,18.6,18.3,1.5,1.34,0.41,21.12,2.17,21.96,19.92,14.61,10.42,13.75,14.13,1.13,1.13,0.17,9.31,3.78,14.83,15.1,2.94,3.01,1.01,17.75,16.01,2.93,2.39,0.21,14.68,1.79,23.04,22.43,2.6,2.55,0.77,18.98,19.31,4.69,4.73,3.64,22.2,8.13
COMANCHE,26,25.85,1.89,1.8,0.66,33.7,4.04,20.31,20.28,1.97,2.13,0.55,21.56,20.64,1.85,1.79,0.61,14.74,9.97,9.81,8.82,22.27,17.46,2.47,2.65,12.55,12.97,3.79,3.67,13.08,1.78,1.81,20.71,20.87,15.4,4.04,3.61,24.9,19.38,18.9,5.32,11.94,5.54,5.4,21.2,21.48,3.85,2.21,2.27,29.36,29.07,9.81,0,46.9
CONCHO,33.17,33.11,2.59,2.53,1.3,42.3,2.4,23.04,23.41,1.29,1.42,0.49,24.48,23.47,2.5,2.5,0.48,32.38,3.03,18.45,16.05,19.42,16.28,12.59,12.59,11.81,12.15,1.89,6.01,28.17,4.05,4.6,14.2,14.86,3.49,6.72,5.98,16.73,16.46,1.75,3.06,20.4,1.91,1.91,30.28,28.43,12.8,1.16,1.16,41.58,43.1,45.84,0.9,50.79
COOKE,17.86,17.85,1.77,1.75,0.61,36.42,3.32,19.72,20.61,1.08,1.17,0.28,22.95,22.3,0.84,0.79,0.43,21.68,1.56,24.4,21.59,11.6,8.84,9.44,9.84,1.23,1.22,0.29,20.68,2.01,5.8,6,3.14,3.09,1.74,13.03,11.83,2.95,2.63,0.18,8.29,3.04,24.54,23.87,6.53,6.43,2.16,6.04,6.09,17.45,16.93,12.06,3.85,37.99
CORYELL,13,12.84,2.35,2.32,1.47,22.15,4.61,11.08,11.32,1.08,1.14,0.3,14.48,13.82,1.08,0.99,0.48,13.35,1.64,9.51,8.61,13.55,10.93,5.16,5.33,1.64,1.65,0.32,8.57,2.92,3.3,3.33,2.97,2.95,0.9,7.84,6.67,5.63,4.51,3.01,2.19,3.02,8.1,7.93,10.44,10.33,6.18,2.74,2.75,8.95,8.96,3.58,6.14,21.44
COTTLE,32.54,32.06,1.71,1.62,0.57,28.69,4.39,17.99,19.28,3.51,3.51,0.83,19.35,18.02,5.92,4.95,2.03,0,30.56,0,0,38.29,24.55,0.23,0.15,25.55,24.56,28.2,0,23.26,0.07,0.07,36.52,38.37,32.13,0.46,0.33,26.58,20.44,1.57,1.63,12.57,2.84,2.52,23.63,21.55,3.91,0,0,26.27,26.64,33.15,0,40.95
CRANE,29.48,29.74,1.76,1.76,0.79,40.42,3.67,23.99,25.6,3.39,3.47,0,19.97,18.84,3.46,3.2,0.38,20.05,4.63,12.59,10.39,22.93,18.65,3.96,4,23.94,23.16,26.27,4.36,37.14,5.94,6.82,19.58,21.04,6.27,10.8,9.14,20.91,17.63,0.9,2.05,22.49,3.75,3.19,42.44,46.38,24.52,3.7,3.82,40.2,38.63,19.79,1.05,53.4
CROCKETT,4.05,4.41,19.26,17.78,8.79,7.17,27.93,2.34,2.58,17.02,23.68,1.07,0.59,0.55,29.13,23.94,32.82,0,24.52,0,0,43.93,32.18,0,0,28.22,23.77,0.5,0,18.04,0.55,0.55,13.87,16.79,2.48,0.45,0.38,39.2,27.95,0.15,0.22,19.09,0.33,0.37,35.27,36.84,51.9,0,0,39.92,40.97,14.59,0,40.31
CROSBY,20.59,20.62,1.77,1.97,1.03,20.36,6.45,7.27,7.52,9.37,11.42,1.46,11.02,10.83,10.17,9.29,7.82,9.08,6.75,3.49,3.12,28.7,22.32,1.54,1.78,11.67,11.65,8.86,0,5.14,1.23,1.08,28.91,42.32,14.78,4.47,4.14,8.71,6.62,0.94,0.77,22.24,2.64,2.57,30.98,34.1,25.67,1.91,1.89,31.11,32.04,14.53,2.74,22.21
CULBERSON,1.99,1.99,30.91,23.99,9.27,4.81,33.78,1.17,1.23,22.22,26.43,8.36,1.14,1.03,23.81,15.11,9.39,0,33.57,0,0,26.85,18.68,0.22,0.32,26.94,24.84,37.02,0.34,31.45,0.2,0.2,11.59,15.26,1.08,0,0,29.54,21.04,0.56,0.32,17.08,0.51,0.36,38.91,38.14,2.4,0,0,33.44,31.22,11.35,0,37.14
DALLAM,16.3,16.37,1.07,1.03,0.27,27.5,1.28,14.39,14.46,0,0,0,14.71,14.34,1.17,1.04,0.3,18.95,0.62,20.46,18.28,7.49,5.96,8.53,8.72,1.53,1.5,0.29,11.24,2.2,9.43,11.55,4.47,4.86,0.93,19.44,17.74,9.07,7.55,0.54,5.19,2.96,10.37,10.15,6.13,6.53,1.99,5.59,5.45,6.25,6.03,6.08,11.65,18.6
DALLAS,6.24,6.28,9.63,9.94,4.38,14.38,13.06,7.08,7.13,5.03,5.52,1.96,6.72,6.67,5.01,4.04,2.5,8.59,4.78,8.18,6.86,26.47,18.66,2.87,3.06,2.29,2.39,0.81,2.64,4.54,3.98,3.31,6.59,6.4,7.82,7.85,6.66,3.97,3.02,0.47,4.68,1.4,10.43,10.14,4.47,4.13,2.72,6.24,6.15,4.84,4.77,5.15,13.13,12.61
DAWSON,19.82,19.91,1.48,1.38,0.1,30.36,1.84,20.07,21.06,3.62,4.28,0.14,14.57,15.49,1.25,1.05,0.15,16.82,8.41,17.86,15.77,15.62,12.16,4.42,4.41,8.65,8.92,5.72,3.95,5.67,6.15,6.88,16.98,17.98,3.93,11.26,9.84,7.02,5.61,0.11,4.92,2.35,6.48,7.34,10.75,11.88,0.89,1.85,1.89,20.55,21.08,12.3,2.93,30
DEAF SMITH,22.45,22.74,1.27,1.22,0.25,23.1,3.52,16.84,24.78,0.68,0.74,0.19,15,14.83,1.88,1.71,0.19,18.48,0.96,20.31,18.53,10.62,8.1,4.05,4.16,0.8,0.83,0.15,12.65,1.9,21.86,23.45,4.36,4.73,0.71,17.64,15.82,6.2,5.32,2.46,4.22,5.76,7.23,7.14,8.02,8.3,0.79,2.67,2.69,27.32,28.2,16.45,5.33,23.14
DELTA,25.7,26.8,2.7,2.81,1.05,34.13,4.41,25.88,26.98,2.33,2.51,0.9,28.68,26.82,2.39,2.36,0.56,22.4,6.17,18.96,15.14,27.44,20.62,2.89,2.83,19.14,17.11,16.37,1.28,25.15,1.16,1.2,32.88,29.65,22.51,2.64,2.54,25.22,21.34,16.36,0.96,13.61,2.02,1.98,37.43,45.77,12.94,0,0,27.04,27.19,15.46,1.67,40.62
DENTON,10.37,10.41,5.69,5.58,1.47,22.34,7.56,9.65,9.76,2.06,1.83,0.42,10.07,9.88,1.1,1.04,0.33,11.89,1.31,11.57,10.15,16.43,11.94,4.22,4.51,0.53,0.54,0.16,5.18,1.62,5.4,5.65,1.78,1.77,1.72,10.34,9.36,1.38,1.14,0.08,6.59,0.66,11.81,11.55,1.69,1.67,0.75,6.99,6.88,2.01,1.99,1.8,13.89,6.86
DEWITT,18.93,18.9,1.56,1.55,0.72,31.08,3.6,12.16,12.38,1.27,1.31,0.54,13.8,13.51,2.26,1.95,0.67,20.66,3.49,15.66,14.19,14.48,11.66,6.47,6.68,2.09,1.96,0.48,12.87,4.13,6.09,6.43,5.36,5.33,1.46,10.27,9.49,3.33,3.37,0.48,7.52,4.29,9.4,9.2,13.52,13.44,2.82,6.62,6.67,10.61,10.33,7.66,5.27,27.85
DICKENS,27.85,27.13,1.52,1.6,0.64,44.85,1.92,38.01,40.67,0,0,0,22.6,21.47,4.69,4.46,1.74,17.5,24.89,0,0,43.4,30.57,1.88,2.01,23.96,23.19,15.07,0.63,24.86,0.46,0.46,43.55,45.8,6.68,5.5,4.93,12.86,9.47,3.13,0.78,19.33,0.98,0.98,39.25,38.5,5.43,0,0,44.35,47.09,42.79,0,47.29
DIMMIT,0.23,0.22,28,27.29,26.1,1.36,35.57,0.47,0.47,28.35,30.95,29.56,0.48,0.44,26.65,19.17,18.45,1.72,22.59,0.24,0.16,42.9,33.85,0.09,0.1,22.37,21.66,1.59,0.04,31.81,0.11,0.19,35.72,40.28,39.53,0.15,0.1,38.88,28.74,34.02,0.11,20.92,0.38,0.37,38.13,32.38,34.2,0.18,0.17,33.56,34.54,35.91,0.23,34.9
DONLEY,28.83,28.51,1.46,1.32,0.27,35.25,2.98,31.38,33.43,1.17,1.34,0.54,21.11,20.65,1.67,1.63,0.83,24.31,5.39,17.76,16.07,18.57,13.81,5.65,5.69,3.74,3.78,1.21,5.95,6.38,5.81,6.95,8.87,9.34,2.55,14.67,13.75,12.86,10.41,0.64,11.05,10.85,8.78,8.53,17.94,19.93,1.71,10.01,10.35,18.25,18.12,4.94,6.78,27.78
DUVAL,0.65,0.63,32.28,30.4,11.47,1.53,36.16,0,0,29.85,31.23,7.91,0,0,34.69,26.81,8.14,0,45.3,0,0,54.15,42.63,0,0,28.97,28.89,3.75,0,37.98,0.02,0.02,48.52,55.32,19.12,0,0,42.42,31.59,3.6,0.17,17.79,0.4,0.4,47.59,39.09,15.02,0,0,40.67,46.96,12.36,0,46.14
EASTLAND,24.21,24.51,1.82,1.74,0.75,35.16,2.76,24.39,25.12,1.22,1.34,0.45,15.91,15.72,1.04,1.02,0.72,26.12,2.34,21,18.52,15.06,12.03,4.74,4.77,3.35,3.42,0.62,10.08,7.38,6.47,7.01,11.79,11.96,2.67,11.6,10.43,10.51,8.55,6.68,3.82,12.44,8.23,8.05,17.89,18.35,3.01,4.51,4.51,23.44,23.19,9.54,4.01,32.09
ECTOR,11.02,10.97,2.56,2.53,0.61,22.86,4.12,11.43,11.66,1.86,1.98,0.43,17.2,16.69,1.53,1.38,0.29,13.54,2,15.56,14.1,12.27,9.42,6.74,7.3,1.62,1.58,0.85,16.98,2.6,5.04,5.2,3.87,4.99,0.99,18.36,16.57,5.18,4.13,0.6,11.6,3.56,18,18.18,4.97,5.04,0.87,11.61,11.82,5.95,6.26,3.61,21.16,10
EDWARDS,18.69,18.41,2.14,2.07,0.55,39.03,5.05,21.47,21.8,6.39,7.94,0.87,39.53,37.3,1.85,1.15,0.45,14.33,25.81,18.52,16.13,21.94,14.63,10.31,10.78,8.72,8.52,0.13,6.25,8.02,1.78,2.26,35.48,42.21,27.32,15.17,13.57,13.21,8.85,0.07,3.42,13.23,15.69,15.83,24.77,20.69,2.25,4.61,4.4,31.94,32.08,11.64,8.46,23.98
ELLIS,15.28,15.28,4.08,4.12,1.85,26.8,5.58,14.57,14.94,2.17,2.29,0.51,15.68,15.42,1.89,1.65,0.47,16.82,1.93,16.65,14.79,16.15,12.62,9.19,9.62,1.25,1.22,0.26,5.81,2.23,9.5,10.29,3.72,3.68,2.62,11.61,10.06,3.5,2.87,0.13,8.27,1.48,15.42,15.12,4.65,4.45,2.88,8.88,9.07,5.99,6.01,4.5,10.53,11.25
EL PASO,2.74,2.75,12.32,10.78,4.83,7.17,13.63,2.51,2.5,7.33,7.29,4.21,3.11,2.94,12.37,10.34,3.59,4.1,9.13,5.03,4.46,27.72,22.42,2.85,3.1,8.67,8.47,5.26,2.34,9.48,2.11,2.09,12.87,13.85,5.78,4.21,2.48,7.01,5.71,3.54,2.7,7.48,5.67,5.62,18.07,16.68,14.69,4.16,4.15,14.68,14.9,13.64,7.8,18.62
ERATH,27.39,27.1,2.28,2.24,1.04,34.24,3.96,18.08,18.58,1.17,1.27,0.37,21.46,20.63,1.49,1.41,0.56,22.44,2.4,16.58,14.56,13.83,10.56,8.61,8.49,1.68,1.72,0.57,5.27,4.26,7.71,8.14,8.16,8.1,2.41,10.75,9.74,6.86,5.28,0.26,8.91,7.85,8.41,8.23,6.54,6.71,2.85,4.24,4.2,15.25,15.28,13.82,4.61,29.24
FALLS,16.13,16.1,3.22,3.08,1.09,25.41,6.83,10.3,10.58,2.28,2.34,0.73,20.16,19.23,6.34,5.1,0.7,12.6,7.39,9.18,8.14,28.27,21.08,2.32,2.38,8.79,8.89,3.99,1.95,16.11,2.13,2.08,17.69,17.46,9.92,1.63,1.47,33.87,27.56,34.38,0.92,15.44,2.41,2.38,31.76,31.22,39.98,1.23,1.23,26.48,26.97,12.49,1.24,39.14
FANNIN,22.83,22.67,2.26,2.31,0.98,29.51,4.11,12.73,12.93,1.99,2.09,0.69,15.05,14.3,1.85,1.8,0.55,16.16,3.82,14.77,13.05,22.19,18.26,7.88,8.75,6.26,6.55,0.42,6.64,9.95,1.77,1.81,18.99,18.86,5.05,6.28,7.11,18.65,15.59,3.82,2.71,9.6,4.83,4.71,18.19,19.02,7.16,1.8,1.78,26.81,27.41,11.62,2.01,35.94
FAYETTE,30.14,29.53,4.3,4.09,2.62,39.32,5.74,25.13,25.74,1.98,2.23,0.62,20.48,19.98,6.72,6.22,1.35,24.31,7.12,9.84,9.23,36.15,29.57,7.93,7.87,14.79,14.99,1.31,15.42,15.91,5.86,6.16,18.41,18.97,10.16,14.65,13.67,12.26,11.21,4.53,11.65,12.42,13.72,13.4,18.4,18.38,8.7,5.2,5.17,26.64,25.77,10,8.9,31.64
FISHER,14.32,14.36,6.86,6.26,1.65,20.56,15.32,8.7,9.36,16.04,19.93,1.36,4.34,4.16,12.02,10.71,1.01,2.8,32.65,2.99,2.26,40.63,30.33,0,0.42,16.49,17.39,2.11,0.32,29.13,0.24,0.24,34.71,38.02,23.39,0.91,0.87,44.35,34.48,34.9,0.44,28.18,1.25,1.18,28.85,28.22,21.64,0.38,0.38,32.36,29.25,11.12,0.41,43.95
FLOYD,21.27,21.55,1.1,1.07,0.59,33.6,2.26,23.36,24.07,0.71,0.81,0.37,17.24,16.71,1.12,0.98,0.37,19.11,2.36,20.99,17.35,13.05,9.5,24.68,25.11,3.46,3.51,0.46,5.8,4.26,3.24,3.83,19.28,20.03,2.16,7.43,6.89,9.67,6.84,0.9,3.19,3.32,5.54,5.42,8.63,9.77,2.11,3.29,3.29,15.74,16.55,4.85,2.94,26.37
FOARD,0,0,23.11,19.78,2,3.3,24.84,0,0,7.22,8.26,0,0,0,12.67,10.84,1.19,0,27.01,0,0,41.42,28.38,1.08,1.28,16.54,17.42,1.87,0,36.97,0,0,21.5,24.09,2.39,0,0,29.46,18.97,0.61,2.86,8.59,2.63,2.54,31.02,28.47,3.22,0,0,33.33,39.5,9.56,0,50
FORT BEND,8.36,8.37,7.07,7.15,3.29,18,10.29,8.02,8.09,2.28,2.39,0.87,11.42,10.96,3.07,2.71,0.66,10.67,4.87,12.9,11.66,25.6,19.86,8,8.61,2.23,2.4,0.35,5.8,4.5,6.91,6.97,4.19,4.26,3.29,12.62,11.14,3.46,2.96,0.71,6.61,1.92,18.1,17.75,5.73,5.37,2.48,10.15,10.32,8.38,8.5,3.66,14,10.03
FRANKLIN,23.89,24.19,1.99,1.97,0.66,38.23,3.68,21.96,22.74,1.19,1.37,0.37,30.1,28.4,1.42,1.35,0.23,25.6,5.55,17.97,15.18,17.83,12.4,4.6,3.97,7.67,7.72,8.48,11.27,10.7,9.53,10.6,15.23,16.12,13.23,7.87,7.45,17.81,13.63,8.97,3.29,7.71,5.85,5.77,30.93,38.25,12.53,3.6,3.58,34,32.44,16.28,3.64,43.1
FREESTONE,24.27,24.68,2.92,3.09,1.28,41.71,4.27,19.36,19.91,2.8,2.9,0.62,20.03,18.99,5.72,4.93,2.56,14.49,10.16,10.99,9.45,24.89,18.49,3.42,3.59,4.13,4.31,0.27,2.89,14.16,4.32,4.55,23.31,22.92,20.87,7.18,6.65,25.74,20.87,3.16,3.18,16.26,5.6,5.55,31.88,36.36,42.58,2.29,2.3,36.21,36.78,29.81,4.01,33.59
FRIO,2.76,2.74,19,17.91,8.82,4.74,27.64,1.17,1.18,16.3,16.81,9.53,1.84,1.84,18.27,13.68,11.12,1.23,25.59,0.52,0.49,41.01,30.67,0,0,15.52,15.59,9.58,0.17,30.8,0.28,0.28,28.27,32.88,26.21,1.5,1.31,30.98,21.36,25.21,0.72,11.25,1.11,1.06,36.17,30.74,25.24,0.36,0.41,35.54,36.5,42.63,0.37,38.45
GAINES,22.61,23.08,0.98,1,0.33,29.27,1.96,17.98,19.17,0.82,0.84,0.11,24.07,22.34,0.26,0.21,0.07,26.2,1.28,24.14,19.49,8.36,6.18,5.05,5.15,11.76,10.99,9.75,5.65,13.35,3.07,3.58,23.53,24.31,6.82,7.4,6.76,8.48,6.93,0.46,3.82,16.7,5.38,5.26,4.77,5.04,0.95,2.7,2.7,21.35,21.47,12.37,3.44,30.21
GALVESTON,11.74,11.72,4.86,4.84,1.45,20.02,7.04,9.83,9.94,2.19,2.33,0.9,12.86,12.33,3,2.59,0.7,8.78,4.59,8.53,7.44,21.7,15.86,2.96,3.17,3.17,3.46,1.24,2.75,5.6,3.34,3.42,7.8,7.95,5.28,6.52,5.99,7.55,6.12,3.35,3.88,4.14,7.93,7.73,9.42,8.36,2.2,3.97,4,15.26,15.53,14.22,6.22,14.47
GARZA,20.94,20.79,1.67,1.7,0.59,38.44,2.33,19.81,20.25,1.04,1,0.15,28.9,28.68,1.55,1.47,0.29,17.96,4.25,15.82,14.06,21.68,13.75,24,26.09,1.51,1.51,0.38,3.59,15.63,1.23,1.33,13.3,14.76,0.92,5.02,2.16,27.52,20.5,0.57,2.55,6.62,3.01,2.86,26.27,32.5,3.96,1.33,1.37,21.87,21.26,6.9,1.2,47.98
GILLESPIE,32.27,31.56,3.46,3.38,2.08,44.6,4.44,22.1,22.5,1.69,1.8,0.61,26.89,26.29,1.5,1.33,0.68,31.27,2.1,33.94,33.67,12.05,8.91,20.77,21.08,1.04,1.04,0.65,23.14,2.92,19.99,21.14,2.11,2.09,0.95,37.3,33.87,1.38,1.16,0.24,21.48,1.03,35.96,35.12,2.26,2.22,1.01,32.12,32.5,2.43,2.42,1.67,32.47,5.72
GLASSCOCK,40.45,40.85,0.4,0.4,0.27,52.69,1.05,28.28,29.89,0,0,0,23.7,23.3,0,0,0,52.5,0,59.81,49.39,2.57,2.3,51.37,50.96,0,0,0,47.08,0,24.9,32.54,2.37,2.37,0.79,38.38,35.51,1.57,1.04,0.13,36.26,8.64,18.69,19.1,4.91,4.37,1.77,7.1,6.83,32.66,34.14,9.64,18.17,23.07
GOLIAD,19.83,19.83,3.84,3.84,1.51,28.63,10.83,16.32,16.91,5.54,6.67,0.81,20.05,19.07,10.14,7.66,1.59,21.33,10.64,15.06,13.26,23.1,15.92,6.47,6.67,13.96,13.54,0.84,7.25,19.38,7.43,8.24,17.2,18.99,13.67,8,7.37,28.77,22.3,7.94,6.35,12.28,11.94,11.67,18.4,16.57,8.12,0,0,46.35,46.19,49.06,1.73,29.4
GONZALES,13.77,13.47,2.28,2.26,0.87,28.22,4.27,13.11,13.48,1.42,2.08,0.34,11.37,11.14,2.01,1.7,0.71,14.25,7.28,8.63,7.77,25.37,19.39,3.74,3.9,5.89,5.71,0.85,6.47,8.63,4.52,4.83,13.32,14.1,6.63,10.52,9.51,6.04,5.07,0.5,7.84,10.83,6.13,6.01,18.89,18.76,2.23,3.16,3.19,17.74,17.3,17.82,2.02,27.24
GRAY,25.28,25.25,0.69,0.69,0.19,36.55,1.66,15.71,15.96,0.59,0.62,0.1,27.85,26.93,0.79,0.81,0.15,25.59,0.62,22.63,20.39,8.71,6.7,12.98,13.61,0.81,0.91,0.21,7.8,1.12,14.01,15.2,2.51,2.54,0.75,24.13,21.46,2.12,1.93,0.42,19.7,2.41,27.33,26.86,3.85,3.88,0.92,15.12,15.23,6.97,6.99,3.09,26.46,17.49
GRAYSON,15.45,15.52,2.99,2.9,0.95,28.01,4.92,14.28,14.03,1.44,1.53,0.67,16.09,15.12,1.38,1.28,0.52,16.24,2.47,14.42,12.5,16.63,12.18,10.87,11.63,1.93,1.91,0.26,11.35,3.7,5.87,6.27,3.46,3.4,2.22,10.64,9.43,3.92,3.36,0.16,3.13,2.41,7.63,7.49,9.55,9.62,2.44,3.31,3.31,9.95,8.62,6.15,5.28,20.21
GREGG,13.87,13.82,4.54,4.49,2,27.48,6.57,11.66,11.68,2.61,2.95,1.62,17,16.61,2.22,1.98,0.55,16.82,2.51,15.92,13.98,15.86,10.66,11.15,11.28,2.29,2.32,0.37,12.18,2.79,11.62,11.71,5.01,5.14,4.28,15.3,13.57,2.38,1.92,0.13,10.65,2.43,16.78,16.42,5.04,4.72,2.28,10.28,10.5,7.76,7.87,6.64,11.5,10.96
GRIMES,18.24,18.31,3.25,3.3,1.16,29.35,5.29,17.08,17.76,1.56,1.67,0.58,17.95,17.2,3.66,3.04,1.24,19.05,5.02,12.75,11.17,19.52,13.5,7.84,8.38,7.58,8.1,3.73,9.87,6.73,7.38,7.86,14.99,15.39,5.1,11.22,10.19,13.67,10.9,2.75,5.33,8.59,8.39,8.21,22.73,22.07,14.79,3.55,3.58,29.45,29.96,23.9,5.38,31.6
GUADALUPE,12.24,12.17,4.2,4.11,1.42,23.9,6.83,13.58,13.84,1.99,2.09,0.71,15.31,14.76,2.15,2.06,0.7,16.08,2.55,16.11,14.45,18.57,13.92,7.59,7.96,2.09,2.11,0.44,9.97,3.57,13.17,13.54,3.08,3.17,1.24,20.02,17.86,2.64,2.33,0.37,10.21,1.44,18.26,18.03,3.47,3.34,1.02,12.97,13,5.7,5.66,4.89,12.56,9.9
HALE,16.83,16.97,1.57,1.51,0.56,23.37,2.73,12.16,12.5,0.89,0.93,0.2,11.91,11.71,1.09,1.05,0.49,15.96,1.83,11.42,10.39,10.93,8.75,7.92,7.84,1.75,1.7,0.29,12.26,2.26,4.43,4.63,4.66,4.78,0.9,7.36,6.72,2.64,2.17,0.25,4.86,5.42,6.67,6.61,20.28,21.15,13.98,4.11,4.17,15.23,15.2,11.94,4.84,26.52
HALL,19.98,20.13,3.32,2.91,0,26.68,5.04,10.12,10.27,3.36,3.2,0.7,7.74,8.13,5.5,5.3,1.12,11.77,9.56,0,0,38.53,24.79,0,0,10.55,11.77,1.5,1.07,21.57,1.13,1.08,34.89,37.97,31.47,3.86,3.73,21.83,16.12,2.24,1.02,20.05,0.84,0.84,37.93,36.28,9.48,0.97,0.97,36.15,37.72,20.46,1.21,43.08
HAMILTON,21.18,21.1,2.04,1.9,0.69,41.03,3.94,23.09,23.49,2.49,2.93,0.77,32.71,31.67,1.55,1.49,0.81,19.69,3.85,13.57,12.41,25.38,18.79,3.18,3.22,3.07,3.27,0.78,8.06,6.25,12.63,13.41,15.05,15.3,11.15,9.7,8.35,6.77,5.62,0.79,6.76,14.11,10.32,10.04,13.59,13.73,3.49,3.72,3.74,24.77,24.86,10.07,3.59,34.58
HANSFORD,31.18,31.88,0.27,0.27,0.17,43.55,1.2,34.02,35.33,0,0,0,23.84,21.63,0,0,0,30.76,0,39.86,33.41,0,0,26.98,26.83,0,0,0,56.09,0,25.93,30.22,0,0,0,31.79,28.67,0,0,0,35.96,0,27.94,27.4,2.28,2.21,0.34,10.89,11.08,3.18,3.18,1.96,21.06,17.97
HARDEMAN,14.62,14.82,2.42,2.09,0.41,27.64,7.28,6.77,7.17,2.74,2.94,0.86,10.09,9,6.09,5.16,1.32,5.51,15.49,0,0,36.58,27.62,0,0,22.33,21.62,1.01,0.65,17.37,0.44,0.47,24.05,25.29,25.56,2.87,2.63,12.7,10.36,8.55,1.41,21.02,3.49,3.38,16.81,15.95,11.45,0,0,21.99,22.2,15.79,1.09,51.06
HARDIN,9.95,9.91,1.2,1.18,0.39,33.77,2.85,20.44,20.82,1.26,1.36,0.24,21.69,20.33,1.72,1.65,0.28,15.54,7.36,7.5,6.59,26.25,19.8,2.06,2.19,6.53,6.76,0.39,3.15,15.28,3.2,2.62,10.73,12.09,4.18,5.36,4.82,15.46,12.63,0.4,2.38,12.61,6.82,6.6,22.45,22.56,9.24,2.17,2.25,22.77,22.87,13.14,1.94,29.29
HARRIS,6.7,6.72,6.96,7.01,2.52,15.55,10.59,6.71,6.77,2.42,2.56,0.93,8.45,8.34,3.81,3.27,1.43,8.37,5.25,9.28,8.26,22.29,17.39,3.89,4.07,1.61,1.77,0.67,4.34,4.05,4.48,4.43,4.42,4.67,3.41,9.15,6.12,2.97,2.13,0.49,4.92,1.34,10.66,10.01,5.13,4.29,2.47,7.24,7.35,7.72,7.99,5.27,10.89,10.66
HARRISON,15.95,15.96,3.2,3.12,0.73,24.15,6.18,12.33,12.65,2.72,2.95,0.37,19.3,17.53,2.15,2.07,1.58,10.82,5.97,10.67,9.37,22.27,16.82,5.98,6.14,4.52,4.7,1.88,6.53,9.66,4.63,5.03,17.35,18.13,4.83,7.46,6.69,16.65,12.85,2.61,3.34,10.12,6.26,6.09,23.58,26.41,15.45,2.95,2.97,23.73,23.69,20.14,4.38,26.39
HARTLEY,23.03,23.21,1.11,1.11,0.21,38.5,1.83,29.88,30.12,0,0,0,21.61,20.78,0,0,0,26.45,0,27.98,25.59,11.65,9.52,21.28,21.7,2.04,2.04,0.04,34.08,2.75,14.74,15.68,5.73,5.9,1.42,22.97,21.26,6.66,5.86,0.53,5.63,3.21,13.26,13.13,6.72,7.1,1.28,8.28,8.2,15.71,15.71,5.61,10.93,32.07
HASKELL,14.86,15.47,3.37,3.31,0.89,24.29,8.15,7.05,7.25,5.15,5.96,1.38,5.09,5.17,6.82,6.27,2.64,5.39,27.13,3.65,3.24,33.86,23.56,0.58,0.58,21.32,22.53,4.38,0.97,23.02,0.82,0.8,24.1,26.04,5.28,1,0.85,37.22,26.31,33.36,0.83,23.59,1.81,1.76,34.92,34.24,36.66,3.54,3.59,38.58,38.56,38.18,0,45.65
HAYS,9.8,9.74,9.35,9.1,4.56,18.54,12.94,8.35,8.46,2.84,3.11,1.36,10.39,9.96,3.74,3.31,1.07,6.52,5.95,9.24,8.27,23.12,17.8,4.34,4.68,2.56,2.77,0.46,6.09,6.32,6.73,6.75,6.33,6.56,3.79,10.94,9.99,4.74,3.89,0.45,7.43,4.52,11.9,11.67,9.07,8.66,4.75,5.17,5.04,13.13,12.97,12.02,8.53,18.05
HEMPHILL,38.85,40.38,0.61,0.61,0.26,55.63,1.02,24,24.59,0.76,0.9,0.36,38.33,36.6,0.79,0.65,0.47,33.82,0.97,48.01,40.59,5.89,4.16,27.46,25.85,2.42,2.33,0.4,46.06,1.45,31.21,37.31,3.77,3.87,0.84,30.91,27.04,3.87,2.87,0.7,28.97,3.64,22.54,21.69,5.52,5.42,1.51,16.47,16.8,6.21,6.45,3.29,20.57,26.19
HENDERSON,20.33,20.23,2.82,2.8,1.36,31.55,4.59,17.29,17.54,1.9,2.08,0.6,17.66,17.24,2.32,2.01,0.65,17.69,3.01,19.83,17.98,17.29,13.55,9.64,10.17,2.68,2.71,0.23,8.87,4.79,5.86,6.06,10.3,10.07,8.02,9.53,8.94,10.75,9.41,6.5,3.8,5.86,5.31,5.23,19.24,21.14,5.31,5.79,5.84,18.18,17.65,15.31,7.88,24.21
HIDALGO,2,2.02,10.81,9.9,3.16,5.86,18.34,1.88,1.92,10.92,11.68,2.27,2.19,2.07,15.23,11.64,5.07,1.73,12.26,1.98,1.72,29.23,21.67,0.68,0.76,11.78,11.82,6.71,0.9,15.65,0.74,0.78,16.55,19.89,16.21,2.46,2.27,17.64,11.86,6.08,1.11,9.22,3.13,3.06,18.75,15.91,14.9,1.91,1.9,21.09,21.78,21.3,2.41,22.26
HILL,19.17,19.06,2.58,2.63,1.43,40.04,4.66,25.49,25.88,1.89,1.98,0.37,20.46,20,1.55,1.44,0.45,21.52,3.58,16.48,14.75,19.29,14.81,6.62,6.79,4.88,4.87,0.44,5.99,6.57,3.88,4.01,14.79,14.47,3.71,8.8,7.57,9.02,7.18,3.74,2.67,9.32,7.88,7.76,14.42,14.78,2.86,3.25,3.25,19.64,19.47,9.68,4.21,35.04
HOCKLEY,16.29,16.46,1.27,1.22,0.31,30.7,2.34,12.94,13.3,0.89,0.97,0.13,22.78,22.36,0,0,0,21.95,0,20.11,17.86,9.77,7.74,10.74,10.18,0.86,0.81,0.06,17.1,2.22,9.17,10.2,2.6,2.71,0.24,11.27,10.42,6.62,5.55,0.12,4.16,3.95,7.29,7.16,6.92,7.26,1.45,2.03,2.01,14.6,14.62,2.91,2.84,25.94
HOOD,25.01,25.02,2.46,2.41,1.03,39.28,4.09,22.5,22.78,1.67,1.79,0.39,20.6,20.14,1.34,1.25,0.56,23.36,2,22.76,20.6,14.73,11.01,12.97,13.85,1.35,1.39,0.41,16.34,3.15,19.15,17.8,3.84,3.73,1.78,24.11,21.89,3.55,3.03,0.41,19.7,2.85,16.08,15.88,6.09,5.99,2.46,8.36,8.3,12.78,12.73,10.89,12.76,20.26
HOPKINS,20.46,20.84,2.61,2.56,1,32.32,4.37,14.24,14.96,1.98,2.22,0.62,13.29,12.85,2.14,1.9,0.72,15.61,6.33,11.99,10.17,20.89,15.67,2.09,2.18,5.79,5.79,0.73,2.82,11.94,1.85,1.92,16.41,15.89,8.13,5.21,4.79,19.84,14.21,3.22,4.32,8.21,4.54,4.4,30.43,38.7,11.06,2.27,2.26,25.48,24.48,22.79,3.6,37.77
HOUSTON,20.44,20.27,3.43,3.47,1.44,34.52,4.58,13.83,14,1.9,2.09,0.67,23.92,23.03,2.83,2.46,0.93,20.42,4.66,17.31,14.94,20.54,15.26,14.08,14.56,5.97,6.13,1.23,3.52,16.77,2.44,2.54,11.69,12.11,7.41,6.56,5.88,13.83,10.88,21.24,2.48,16.38,8.04,7.77,22.63,21.88,11.07,3.06,3.17,25.43,25.15,21.4,2.89,35.39
HOWARD,12.46,12.45,2.17,2.14,0.81,23.18,3.36,17.45,18.26,1.26,1.34,0.43,13.12,12.69,1.41,1.27,0.36,19.79,2.62,18.2,16.42,13.27,10.85,11.72,12.05,4.42,4.41,0.49,8.01,8.13,6.62,7.22,3.96,4.11,1.37,14.18,13.02,3.58,3.17,0.3,11.34,4.87,19.79,19.53,11.61,12.28,2.06,5.52,5.59,15.68,15.4,12.99,4.11,26.75
HUDSPETH,5.19,5.41,24.22,19.89,2.16,10.74,14.32,0,0,20.54,23.96,10.75,0.62,0.5,27.04,21.72,18.63,0,33.06,0,0,30.64,24.02,0,0,28.96,27.22,1.8,0.32,28.32,0.87,0.75,33.04,38.08,13.25,2.31,1.87,35.17,27.23,21.67,0.5,21.07,1.57,1.57,35.24,33.2,8.73,0.36,0.36,32.19,34.54,23.79,0.29,50.29
HUNT,16.92,16.92,2.49,2.51,0.79,29.32,4.46,16.42,16.93,5.55,1.5,0.4,20.43,19.81,1.6,1.49,0.35,20.03,2.69,17.46,15.74,16.06,13,8.3,9.24,1.72,1.77,0.3,7.6,4.49,6.3,6.42,5.56,5.49,3.53,10.94,9.81,5.09,4.15,0.49,3.82,3.74,13.34,13.11,11.94,13.4,8.99,5.61,5.62,16.3,16.22,10.47,9.64,21.16
HUTCHINSON,21.22,21.23,1.18,1.13,0.47,38.63,2.07,17.39,17.53,1.05,1.1,0.31,19.6,18.91,0.78,0.71,0.35,20.63,1.26,21.16,19.19,10.27,8.08,13.34,13.82,2.1,2.09,0.55,25.62,1.53,10.23,10.39,2.82,2.85,0.5,21.39,19.06,2.23,1.92,0.02,9.85,3.28,30.09,24.22,6.06,6.16,1.32,7.47,7.52,4.13,4.24,3.33,23.47,13.48
IRION,35.86,35.94,2.48,2.25,0.62,31.6,3.28,17.25,17.56,1.55,1.62,0.62,40.55,37.58,1.56,1.33,0.23,14.14,14.06,6.13,5.57,40.73,30.95,6.92,7.08,15.12,16.25,10.94,9.57,11.63,3.97,4.71,27.19,31.65,4.3,11.95,11.3,9.77,7.83,1.13,3.96,14.82,1.61,1.69,32.15,32.39,4.11,1.11,1.2,46.54,47.22,44.48,2.36,36.01
JACK,20.14,20.4,1.7,1.76,0.7,39.42,2.9,17.72,18.18,1.45,1.49,0.36,15.5,15.37,1.57,1.57,0.69,18.94,7.38,11.54,10.21,15.85,12.26,3.18,3.4,5.32,5.3,0.99,1.94,9.48,2.18,2.38,14.89,14.63,4.49,4.57,4.18,18.1,13.76,12.85,2.54,20.41,3.79,3.71,24.06,24.01,4.86,1.98,2,31.69,31.02,16.04,1.62,51.1
JACKSON,15.53,15.51,1.97,1.94,0.96,31.61,4.33,14.07,14.24,1.35,1.47,0.54,14.89,14.32,3.5,3.24,1.01,14.48,7.28,10.51,8.86,21.48,16.73,3.37,3.47,9.24,8.65,0.94,2.51,21.43,2.21,2.29,18.51,18.61,2.24,6.89,6.5,12.3,10.85,6.88,2.67,10.56,3.89,3.75,28.65,27.88,15.14,1.69,1.69,28.03,28.25,7.43,2.4,39.03
JASPER,19.95,19.88,3.31,3.24,0.63,26.02,5.34,10.65,10.79,3.38,3.74,0.7,14.01,13.07,8.64,8.08,1.16,10,7.19,4.92,4.22,34.55,26.92,1.74,1.88,21.19,21.31,10.78,1.58,21.84,1.11,1.13,17.72,18.1,3.88,3.42,3.11,20.59,16.95,4.81,0.97,20.64,4.18,4.08,26.75,27.16,11.65,1.08,1.09,30.09,30.65,7.74,1.86,40.94
JEFF DAVIS,24.2,24.37,14.96,14,7.27,32.48,17.71,13.4,13.71,18.5,24.86,5.46,12.46,11.62,25.95,20.04,14.39,21.13,11.86,11.51,10.14,39,28.75,2.82,3.12,19.87,20.22,3.76,7.7,28.96,1.49,1.6,28.43,30.89,33.92,9.31,8.87,23.52,15.72,9.81,5.21,5.66,13.97,10.91,20.5,20.01,4.31,0,0,43.84,47,36.26,0,34.71
JEFFERSON,5.04,5.04,7.49,7.35,6.42,13.11,14.88,7.22,7.32,6.65,7.4,4.83,8.06,7.75,10.04,8.2,1.01,6.2,11.52,5.2,4.22,29.04,17.97,1.55,1.7,13.25,13.59,6.22,2.9,13.99,2.07,2.12,13.72,14.36,6.04,5.56,4.87,8.54,5.69,0.6,2.88,7.37,5.32,4.95,17.28,15.11,4.42,3.14,3.15,20.62,20.71,10.31,4.82,21
JIM HOGG,0.1,0.1,31.23,29.63,4.05,1.09,49.26,0.26,0.26,42.36,40.96,11.94,0.27,0.27,45.6,36.71,9.11,0.41,51.42,0.31,0.26,58.61,51.8,0.18,0.18,49.87,49.31,49.57,0.21,51.23,0.16,0.18,51.01,56.64,55.93,0.37,0.37,52,43.61,49.84,0.4,39.17,0.97,0.94,36.14,34.31,15.76,0.49,0.49,56.5,57.98,60.95,0.84,50.62
JIM WELLS,3.16,3.14,16.65,15.88,10.91,8.23,25.52,2.19,2.22,15.97,16.77,16.15,3.47,3.37,19.42,15.97,3.49,3.26,18.73,1.71,1.52,37.7,32.45,1.03,1.08,17.67,17.71,7.7,1.66,29.1,0.69,0.71,27.55,30.22,27.5,1.45,1.37,29.49,23.77,24.8,0.55,16.49,1.56,1.53,27.45,26.54,18.56,0.85,0.84,30.45,30.55,36.5,1.32,30.85
JOHNSON,13.13,13.11,2.8,2.76,1.02,29.38,4.51,13.99,14.32,1.47,1.56,0.37,13.49,13.28,1.16,1.09,0.37,16.87,1.69,13.42,11.96,9.08,7.19,7.61,8.04,1.29,1.31,0.3,10,3.1,8.09,8.48,3.02,3.02,1.55,12.08,11.12,2.32,2.06,0.09,5.04,1.91,9.52,9.11,4.51,4.65,1.73,4.27,4.28,8.5,8.49,6.93,7.94,19.28
JONES,17.5,17.48,1.41,1.41,0.59,34.46,2.79,16.58,17.31,1.38,1.41,0.44,10.65,10.31,1.43,1.43,0.45,15.49,3.98,10.98,9.06,20.47,14.69,2.53,2.59,2.76,2.82,0.48,2.1,5.35,1.5,1.45,18.12,19.53,15.25,2.91,2.72,25.05,19.39,16.86,1.87,5.12,3.75,3.66,22.65,23.4,21.91,2.28,2.28,33.16,33.05,26.17,3.76,27.83
KARNES,13.23,13.06,5.59,5.56,4.5,15.77,17.76,4.32,4.29,15.89,18.09,6.87,4.21,4.12,22.79,20.01,25.52,8.51,23.03,3.47,3.13,36.72,30.72,1.94,2,12.26,12.19,1.43,1.2,26.04,1.27,1.21,29.27,31.42,26.16,2.61,2.4,23.66,20.05,7.78,0.88,21.16,2.54,2.45,33.39,33.54,28.61,3.54,3.48,33.84,33.2,19.76,0,43.25
KAUFMAN,17.14,17.06,3.42,3.46,1.24,27.93,5.09,15.02,15.48,1.79,1.97,0.51,15.02,14.75,1.59,1.54,0.53,18.35,2.29,14.91,13.25,17.94,13.4,10.36,11.15,1.5,1.51,0.31,6.32,4.58,6.11,6.39,6.14,6.02,4.3,12.99,11.5,4.93,3.68,0.17,4.44,4.02,8.16,8.14,13.37,13.84,5.94,3.46,3.34,10.27,10.08,9.02,6.51,19.24
KENDALL,23.14,23.63,3.38,3.25,1.91,37.09,4.15,22.43,22.71,1.21,1.26,0.49,27.59,26.35,1.21,1.06,0.42,25.89,1.7,28.04,25.55,12.88,9.15,19.13,19.71,1.19,1.2,0.45,19.9,2.17,16.82,17.22,2.03,2.1,0.9,29.42,25.83,1.4,1.21,0.26,18.7,0.92,35.34,34.37,2.13,2.01,0.75,22.59,22.92,2.63,2.62,1.8,37.51,4.08
KENEDY,1.89,2.21,36.28,34.07,14.51,6.03,33.65,4.82,5.12,16.87,17.77,14.76,4.9,4.9,39.78,31.06,4.9,2.78,38.61,3.04,2.43,56.23,37.69,4.57,4.29,31.43,29.14,25.14,3.12,29.18,0.76,0.76,36.87,42.68,5.05,0.53,0.53,41.64,29.18,11.67,0.59,16.57,1.26,1.26,56.47,47.95,41.64,0.74,0.74,47.97,49.08,30.63,1.34,47.45
KENT,27.91,26.91,3.16,3.49,2.33,38.21,9.97,16.72,17.7,21.15,24.43,1.8,12.24,12.08,10.49,10.81,3.97,8.41,27.3,0,0,37.59,26.77,0.84,0.84,18.4,17.7,5.62,0.5,40.95,0.51,0.51,50.7,54,33.67,0.85,0.73,43.08,33.25,38.96,0.59,26.84,0.12,0.12,49.63,46.15,48.39,0,0,64.76,63.39,59.28,0.26,66.62
KERR,21.48,21.31,4.58,4.46,2.6,37.6,5.29,26.68,27.43,1.61,1.8,0.75,27.48,26.15,1.42,1.33,0.5,24.93,2.33,26.21,24.03,13.79,11.9,14.33,14.81,1.33,1.34,0.42,20.24,3.27,14.95,14.86,2.77,2.82,1.24,28.01,24.76,2.26,1.93,0.22,17.58,1.75,38.74,37.7,2.95,2.82,0.59,25.34,25.16,3.45,3.4,2.29,32,6.36
KIMBLE,29.89,29.54,1.9,1.83,0.21,39.43,2.29,36.66,38.06,0,0,0,45.98,41.74,0,0,0,47.69,0.95,34.15,29.12,9.79,7.62,4.14,4.18,1.3,1.47,0.42,23.07,4.81,4.2,4.3,14.76,16.06,2.1,11.02,10.35,7.65,5.58,0.11,6.84,3.73,7.77,7.15,24,24.08,3.4,9.41,9.45,13.03,12.8,6.56,6.09,21.78
KING,33.33,33.33,0.56,1.13,0,61.5,1.6,36.9,40.64,0,1.07,0.53,29.51,24.04,3.83,3.83,1.64,27.23,7.92,9.76,6.83,40.98,22.93,2.78,1.85,25.93,26.85,7.41,19.91,27.01,3.27,2.8,43.93,44.39,54.67,5.85,5.37,38.54,30.73,3.41,0.45,26.13,2.44,2.03,44.31,48.37,6.91,0,0,41.63,40.72,18.1,0,58.48
KINNEY,28.61,14.66,7.2,7.15,3.95,23.14,15.74,13.78,14.44,15.07,18.28,3.39,10.47,10.05,19.28,15.33,3.66,13.07,25.35,8.59,7.77,41.69,32.89,1.31,1.31,30.02,29.05,31.28,0,18.22,1.96,1.96,33.29,37.94,34.17,6.21,5.75,29.25,21.27,9.68,1.26,23.68,6.41,6.22,24.69,23.67,3.23,0,0,47.94,50.23,48.55,5.18,38.29
KLEBERG,7.54,7.42,9.39,8.92,5.2,13.07,14.38,5.11,5.22,10.41,12,0.98,7.54,7.4,10.82,9.41,3.56,5.22,18.6,4.6,4.14,33.02,28.46,1.99,2.09,21.04,20.25,9.73,1.26,22.2,1.12,1.1,18.76,19.91,11.43,4.77,4.29,17.36,14.12,4.87,0.79,14.21,3.1,2.97,26.95,27.77,23.57,1.66,1.63,25.57,25.71,17.45,3.42,31.87
KNOX,15.12,15.49,1.68,1.64,0.29,29.77,3.97,19.49,20.7,2.62,3.27,0.6,8.14,8.1,1.76,1.72,0.44,11.8,8.17,9.61,7.84,21.82,14.71,2.09,2.05,6.91,7.97,1.74,1.25,24.34,1.75,1.75,10.99,11.8,4.62,2.61,2.33,20.66,14.74,1.92,1.1,22.57,2.59,2.56,22.6,23.41,14.63,1.56,1.56,43.68,45.34,20.81,1.67,40.09
LAMAR,16.22,16.14,2.78,2.71,0.91,33.88,4.47,18.45,18.87,1.94,2.08,0.57,24.04,22.93,2.14,2.02,0.73,15.69,6.93,7.7,6.91,29.76,23.87,2.93,3,9.07,9.11,2.78,4.46,18.41,2.6,2.64,12.54,12.61,5.79,6.1,5.66,18.02,14.75,7.2,3.12,9.26,4.11,4.04,23.97,28.12,20.63,2.27,2.3,20.34,20.39,14.64,2.88,31.69
LAMB,20.24,20.52,1.84,1.78,0.64,31.47,4.02,16.14,16.88,1.09,1.15,0.13,14.13,14.16,1.04,1.04,0.61,16.82,5.13,13.42,11.7,14.59,11.1,2.98,2.56,6.7,6.9,1.01,1.46,10.02,0.71,0.76,20.76,20.74,14.99,3.74,3.46,15.32,11.87,12.15,2.3,8.88,5.17,5,11.96,13.06,2.13,2.02,1.91,17.15,17.43,4.73,1.23,33.87
LAMPASAS,23.37,23.07,2.85,2.78,1.85,29.55,4.14,19.07,19.73,1.28,1.38,0.4,14.19,14.07,1.3,1.22,0.56,18.9,2.27,20.61,18.49,13.12,10.4,15.64,16.23,2.46,2.67,0.68,9.19,3.71,11.12,11.35,5.05,4.59,1.44,16.13,14.18,4.68,4.08,0.53,5.98,6.07,14.29,13.97,8.36,8.24,2.42,3.78,3.71,28.03,27.51,13.64,5.79,24.58
LASALLE,1.83,1.9,26.67,25.37,30.19,7.3,19.35,0,0,18.5,21.4,9.85,0,0,33.66,24.33,10.01,0,34.45,0,0,34.19,24.51,0,0,18.68,18.77,20.33,0.02,33.75,0,0,36.04,45.66,34.02,0,0,36.64,23.17,13.47,1.43,14.34,2.8,2.8,33.63,27.72,10.31,0,0,38.88,40.5,18.38,0,40.43
LAVACA,19.78,19.55,2.05,2.02,0.95,32.04,3.63,16.3,16.51,1.71,1.87,0.42,16.12,15.61,3.07,3.02,1.67,17.65,9.68,7.62,6.71,31.22,24.67,3.13,3.29,3.89,3.95,0.73,2.9,22.74,2.53,2.71,25.62,26.51,3.4,5.94,5.5,17.19,14.62,1.23,4.02,9.51,7.34,7.17,25.13,23.41,27.81,2.86,2.86,26.28,25.23,27.75,3.59,35.89
LEE,23.24,22.79,3.43,3.4,1.21,33.18,5.68,11.57,11.78,2.74,2.94,0.66,12.29,11.97,6.06,5.71,1.2,12.49,11.86,8.5,7.48,32.38,24.33,3.88,3.84,8.06,8.23,1.46,5.11,23.32,3.37,3.64,20.5,21.05,5.29,8.32,7.67,14.01,11.91,1.02,2.93,17.4,7.73,7.64,24.14,24.14,3.98,2.95,3.02,28.5,28.75,15.08,3.48,43.64
LEON,29.34,29.28,1.84,1.83,0.46,35.44,3.59,24.48,25.11,1.2,1.28,0.33,33.13,31.08,1.56,1.46,0.44,26.74,2.88,17.03,14.76,18.23,12.67,6.36,6.87,1.98,1.98,0.24,10.08,5.11,7.37,7.83,6.6,6.61,1.79,11.02,10.15,15.22,12.11,0.82,10.45,8.17,8.82,8.67,23.38,25.65,3.42,4.65,4.68,28.87,28.99,23.35,4.54,30.89
LIBERTY,18.54,18.36,2.15,2.18,0.38,28.73,3.53,15.89,16.1,1.29,1.37,0.29,18.19,18.08,1.59,1.44,0.39,13.96,5.33,8.08,7.24,19.31,15.6,1.93,2.06,7.43,7.86,3.03,2.46,9.45,2.72,2.75,14.72,14.67,8.66,6.5,5.93,13.72,12.1,4.2,2.42,9.42,5.72,5.58,12.49,12.27,2.34,2.56,2.59,23.16,23.26,13.53,3.77,24.6
LIMESTONE,20.92,20.96,2.43,2.38,1.04,28.58,5.68,16.72,17.35,2.3,2.44,0.42,15.81,15.41,2.77,2.54,0.6,13.72,7.39,8.28,7.45,27.49,20.63,3.07,3.21,10.55,10.47,10.64,3.46,17.54,4.86,5.08,10.03,9.9,7.21,4.46,4.16,26.09,21.19,22.11,2.43,13.3,3.72,3.67,30.74,33.93,6.61,1.59,1.57,28.95,29.16,31.76,3.38,29.62
LIPSCOMB,37.84,38.89,0.75,0.75,0.35,51.49,1.69,31.18,33.4,0.72,0.77,0.36,35.47,33.62,1.38,1.27,0.32,26.14,1.96,24.42,20.22,11.2,7.8,29.58,29.31,0.84,1,0.1,30.67,4.96,9.95,11.47,12.73,13.46,8.91,11.96,10.22,22.08,15.8,0.55,7.63,15.52,10.72,10.55,24.34,24.12,4.85,6.83,6.95,25.24,26.71,18.92,19.6,25.23
LIVE OAK,15.79,15.96,2.68,2.57,0.38,30.75,4.3,11.27,11.57,1.58,1.66,0.3,13.3,12.92,3.68,3.64,0.43,14.33,7.55,10.14,8.95,19.55,16.32,2.78,2.85,11.9,11.4,0.75,4.56,13.32,3.55,3.65,9.52,9.84,4.44,7.89,7.3,10.02,8.68,0.49,3.68,5.45,7.1,7.04,18.75,19.99,4.49,2.17,2.14,30.43,29.92,20.92,2.61,22.86
LLANO,26.96,26.59,4.4,4.3,2.25,40.9,5.54,28.42,28.71,2.93,3.17,1.68,27.43,26.98,2.27,2.12,0.83,27.91,3.62,31.84,29.02,14.79,11.53,17.77,18.01,1.3,1.38,0.81,16.58,5.84,13.63,13.68,6.38,6.45,2.29,21.23,19.89,5.07,4.49,0.28,18.63,7.14,26.73,26.36,15.59,15.53,3.59,20.68,20.68,20.53,20.2,21.5,20.26,33.45
LOVING,12.71,12.71,9.32,9.32,3.39,28.18,10.91,8.26,8.26,9.09,8.26,4.96,7.44,6.61,13.22,11.57,9.09,0,21.43,0,0,20.69,18.1,0,0,35.14,33.33,6.31,0,54.74,0,0,22.15,26.17,12.08,0,0,25.49,22.22,9.8,0.68,32.65,0.78,0.78,42.64,38.76,13.95,0,0,18.25,50,32.54,0,58.4
LUBBOCK,12.9,13.03,3.5,3.32,1.19,27.45,6.5,14.5,14.71,2.45,2.57,0.8,16.23,16.03,2.49,2.28,1.12,21.1,2.88,15.31,13.84,15.65,11.57,11.51,11.49,1.7,1.69,0.48,7.29,3.21,10.56,10.62,2.99,3.11,0.95,16.25,14.64,2.8,2.3,0.24,11.49,1.51,17.35,17.07,3.33,3.34,0.74,17.39,17.57,3.71,3.84,1.67,20.01,9.24
LYNN,25.14,25.34,0.26,0.26,0,36.64,0.64,26.06,27.17,0,0,0,15.58,15.42,0.13,0.13,0,13.58,4.93,11.84,10.4,16.41,12.53,0.88,0.83,14,12.99,6.95,0.41,18.62,0.88,0.86,22.92,24.35,0.95,2.58,2.29,18.92,25.52,0.09,0.84,8.04,2.24,2.16,16.64,25.47,2.31,1.11,1.11,30.87,31.82,26.36,1.02,39.9
MADISON,26.5,26.52,1.26,1.24,0.59,30.92,4.39,23.59,24.6,1.49,1.59,0.5,20.57,20.03,3.04,2.61,0.91,25.37,5.94,10.49,9.14,20.21,14.86,12.93,13.6,6.41,6.91,2.48,5.46,10.3,6.15,6.39,9.19,9.56,1.49,9.49,8.73,8.3,7.21,0.38,3.8,14.5,8.02,7.95,24.24,26.66,8.27,3.17,3.35,31.03,31.58,14.65,3.95,34.08
MARION,17.68,17.62,3.72,3.63,1.62,24.75,7.99,9.26,9.33,3.09,3.27,0.93,9.32,8.64,11.99,11.19,1.96,8.66,10.82,5.14,4.34,30.39,22.51,1.65,1.73,8.55,8.79,1.54,0.89,23.59,0.67,0.66,17.3,17.35,4.48,1.94,1.81,12.97,19.02,6.23,0.4,15.53,1.55,1.52,31.98,36.17,18.15,0.58,0.56,33.84,33.84,26.89,0.9,36.32
MARTIN,24.81,25,1.04,0.95,0.19,31.46,2.03,24.16,25.78,0.79,1.06,0.07,17.29,16.51,0.99,0.82,0.2,23.51,1.49,22.08,18.58,16.33,12.34,4,3.9,2.14,2.35,0.35,24.05,2.01,2.41,3.52,20.05,21.64,7.96,5.96,5.26,24.04,18.25,24.21,1.66,13.85,4.52,4.23,16,17.28,4.16,1.68,1.68,35.49,36.99,5.51,2.37,37.98
MASON,20.92,20.47,4.03,3.51,1.38,44.52,4.92,38.65,39,2.21,2.56,0.56,22.94,22.51,1.98,1.83,0.71,28.79,2.59,39.4,34.89,14.32,10.35,6.85,7.03,1.95,1.98,1.29,35.33,3.15,23.84,29.27,3.14,3.26,1.05,11.1,10.08,20.75,14.85,0.7,25.52,5.4,7.01,6.8,42.21,39.9,17.6,7.39,7.31,30.1,29.1,10.79,8.68,25.99
MATAGORDA,14.53,14.47,3.78,3.83,1.27,20.81,7.01,8.4,8.49,5.66,6.37,1.75,11.47,11.1,10.36,9.08,9.18,10.29,12.76,8.67,7.66,30.38,24.02,3.29,3.41,14.85,15.53,10.72,3.75,7.29,1.58,1.66,7.87,8,3.62,6.33,5.66,16.3,13.62,7.16,4.25,13.02,6.17,5.93,23.43,22.66,25.24,2.54,2.52,25.62,26.04,13.65,2.39,40.72
MAVERICK,0.35,0.36,20.64,20.42,21.6,1.49,21.19,0.28,0.28,13.75,13.46,8.28,0.23,0.22,23,17.21,19,0.22,20.7,0,0,36.84,28.45,0,0,17.39,16.9,3.71,0.04,26.67,0.06,0.06,27.43,32.25,27.69,0.41,0.36,24.95,19.03,17.57,0.13,17.79,0.59,0.59,30.22,26.09,7.96,0.54,0.52,20.29,22.19,11.81,0.94,26.39
MCCULLOCH,26.39,26.47,1.38,1.33,0.5,40.52,2.75,28.82,31.3,0,0,0,29.56,27.9,1.94,1.82,0.69,21.25,3.56,17.84,15.99,15.05,11.22,5.86,6.06,2.41,2.45,0.57,8.31,10.82,3.53,3.71,16.27,17.61,6.68,8.13,7.43,6.65,5.86,0.23,2.66,15.2,4.22,4.14,30.83,30.91,2.53,1.73,1.44,32.28,32.24,14.86,1.48,47.51
MCLENNAN,12.66,12.66,4.26,4.16,1.21,24.37,6.48,8.67,8.82,1.68,1.82,0.63,17.26,16.87,1.96,1.8,0.53,14.48,2.89,14.28,13.26,19.18,13.93,6.3,6.73,1.83,1.98,0.39,9.48,4.15,8.33,8.74,5.57,5.54,3.35,13.2,11.64,7.17,6.07,3.81,2.83,2.31,10.96,10.74,10.19,10.07,9.67,3.84,3.84,14.14,14.12,10.6,7.6,20.02
MCMULLEN,20.58,19.86,1.59,1.59,0,61.17,0.75,21.8,23.98,0,0,0,11.08,10.66,4.77,4.21,0.98,0,37.84,5.42,4.56,51.21,35.24,1.32,1.47,28.34,28.19,2.06,11.8,12.54,6.69,8.05,24.32,27.05,12.31,1.94,1.79,36.57,26.87,40.45,1.01,24.93,3.13,3.13,26.83,26.23,6.86,0,0,40.41,44.03,17.14,0,47.52
MEDINA,16.27,16.15,3.37,3.28,1.63,26.58,5.35,14.68,14.98,1.73,1.8,0.47,16.99,16.73,2.19,1.99,1.59,15.98,2.91,18.56,17.36,17.33,14.62,4.09,4.29,2.4,2.43,0.27,8.7,8.99,3.92,3.95,12.14,13.07,8.21,13,11.86,8.95,7.18,0.2,5.43,5,12.05,11.69,6.53,6.54,1.63,5.91,5.98,13.36,12.78,3.91,5.51,22.31
MENARD,36.33,36.53,1.32,1.39,0.9,40.62,2.78,31.17,32.37,1.07,1.41,0.13,30.45,27.83,1.28,1.1,0.06,18.6,2.14,19.66,16.66,16.55,11.47,24.25,24.63,4.42,4.15,0.16,17.35,15.95,16.08,20.1,8.8,10.65,1.14,13.91,12.56,12.33,8.82,1.3,3.58,16.27,5.23,5.17,27.32,26.52,6.65,2.68,2.62,42.51,44.09,11.45,1.68,43.22
MIDLAND,15.62,15.46,1.99,1.95,0.64,29.09,3.28,16.87,17.18,1.24,1.31,0.34,16.45,16.12,0.8,0.72,0.24,17.65,1.22,18.39,16.87,10.67,7.53,7.69,8.01,0.73,0.74,0.2,15.9,2.3,7.54,7.3,1.9,2.01,0.61,26.28,23.42,2.81,2.19,0.9,14.01,1.06,27.79,27.41,2.68,2.56,0.35,17.27,17.28,2.47,2.51,1.36,39.72,5.22
MILAM,21.14,21.28,4,3.98,1.01,29.05,5.96,17.34,17.84,2.6,2.81,0.76,21.13,20.07,3.48,3.19,1.19,11.82,11.26,5.07,4.56,34.11,25.45,2.07,2.3,5.92,6.07,0.58,2.64,17.55,3.04,3.02,12.14,12.34,3.8,5.22,4.73,27.37,21.48,4.76,2.41,14.88,4.57,4.5,29.36,29.67,10.52,2.54,2.54,23.26,22.74,17.98,3.71,36.87
MILLS,34.73,34.35,1.22,1.14,0.61,41.93,2.79,23.1,23.51,0,0,0,34.21,31.26,2.32,1.91,0.8,13.15,18.1,14.52,12.16,23.01,16.54,0.9,0.87,16.3,17.29,1.98,3.13,19.46,1.24,1.11,29.72,29.3,33.98,3.68,2.88,32.43,25.94,1.59,4.35,14.49,8.65,8.38,19.41,19.03,5.55,0.57,0.57,54.48,54.44,45.33,1.15,51.89
MITCHELL,19.63,19.43,1.63,1.69,0.45,27.68,3.36,15.43,16.32,0,0,0.52,9.13,8.93,2.56,2.49,0.82,10.24,10.9,7.43,6.35,22.82,17.69,5.73,5.46,4.33,4.33,1.14,4.4,7.24,2.38,2.7,7.73,8.39,2.42,5.44,4.9,10.46,10.08,1.43,1.58,8.88,2.1,1.95,29.58,29.71,10.75,1.02,1.04,34.78,34.48,9.03,1.55,42.05
MONTAGUE,21.26,20.93,1.24,1.26,0.46,37.93,2.18,21.63,22.76,0.7,0.8,0.11,28.13,25.82,1.15,1.05,0.23,27.62,2.33,17.33,14.71,18.75,14.09,2.97,3.17,7.19,7.35,0.41,4.41,14.28,2.47,2.63,12.71,13.05,2.73,6.09,5.77,10.43,8.47,0.4,1.88,8.66,4.38,4.13,18.95,19.62,5.88,1.32,1.31,32.25,31.77,24.96,1.05,33.58
MONTGOMERY,15.25,15.28,3.03,2.99,0.91,30.96,4.33,15.12,15.65,0.86,0.93,0.34,17.95,17.56,0.98,0.92,0.32,16.74,1.85,18.11,16.1,13.6,9.72,8.13,8.98,0.81,0.84,0.25,11.58,1.67,10.09,10.52,1.55,1.56,0.6,16.51,14.66,1.71,1.49,0.11,11.69,0.8,23.38,22.72,2.33,2.22,0.83,14.64,14.97,3.34,3.39,1.45,21.24,6.99
MOORE,17.81,17.98,0.82,0.82,0.12,27.07,2.67,14.48,14.68,0,0,0,14.08,13.94,0.39,0.32,0.11,24.34,0.79,26.3,23.3,8.9,6.43,28.05,30.38,0.3,0.3,0.05,25.04,1.43,12.68,13.56,3.42,3.6,0.2,12.59,11.81,2.83,2.58,0.19,17.79,4.02,10.44,10.38,6.64,6.82,0.68,5.78,5.82,20.03,20.45,9.3,12.93,18.21
MORRIS,16.02,16.06,4.32,4.18,1.33,21.39,8.1,7.15,7.15,9.07,10.75,1.14,5.58,5.18,7.05,6.75,1.08,4.57,17.77,3.63,3.13,31.48,23.27,0.6,0.65,15.64,16.25,3.59,1.17,30.32,0.86,0.93,25.01,26.05,7.5,2.54,2.34,20.99,16.9,6.93,0.75,19.47,2.43,2.41,31.55,32.42,27.07,0.75,0.78,40.42,40.4,34.63,1.26,44.25
MOTLEY,37.02,37.83,0.81,0.93,0.93,54.82,2.29,24.3,25.82,1.77,1.77,0.76,30.42,29.22,2.87,2.51,1.32,10.71,23.45,19.03,16.13,16.13,10.97,31.63,31.85,2.66,3.44,1.55,5.92,10.27,18.57,25.27,18.14,20.63,17.93,5.82,5.3,24.92,18.59,3.53,6.48,21.56,5.95,5.85,11.6,13.28,6.14,3.55,3.46,25.44,24.7,6.17,2.13,45
NACOGDOCHES,17.77,17.97,4.28,4.02,1.42,31.79,7.78,18.5,18.87,2.07,2.24,0.42,27.49,25.9,2.16,1.87,0.76,16.71,4.08,22.1,19.48,19.75,14.53,12.47,13.03,4.45,4.48,0.29,15.13,6.54,11.38,11.84,7.18,7.27,1.8,24.57,20.79,7.08,4.17,1.23,4.37,8.05,8.63,8.75,16.83,18.35,8.06,3.52,3.53,13.52,13.54,8.8,6.12,21.5
NAVARRO,20.8,20.93,3.36,3.35,2.05,29.82,4.94,15.58,16.03,1.95,2.08,0.5,20.27,19.64,2.61,2.28,0.81,14.86,5.31,13.5,11.8,21.2,15.83,4.23,4.42,10.93,10.58,0.34,4.15,6.46,4.5,4.85,19.59,19.14,10.36,6.12,5.19,16.67,13.06,3.11,3.38,9.58,7.4,7.35,17.81,18.33,7.56,3.35,3.35,16.56,15.98,8.56,6.16,26.36
NEWTON,16.52,16.13,5.44,5.41,0.8,19.32,14.15,5.51,5.57,10.69,12.39,0.85,4.63,4.47,19.2,17.47,1.91,4.78,21.51,3.42,2.93,30.58,22.64,1.13,1.3,20.69,21.14,1.67,1.31,30.6,0.84,0.91,28.38,29.75,16.54,2.16,1.8,22.16,17.39,18.16,0.92,22.54,3.46,3.26,32.78,30.28,12.03,1.65,1.7,26.39,27.3,8.84,1.8,29.43
NOLAN,19.09,19.08,2.14,2.06,0.75,36.26,4.87,12.68,13.43,3.65,4.25,1.15,8.75,8.47,2.43,2.47,1.1,7.72,12.52,3.2,2.84,33.97,27.11,3.27,3.21,10.63,10.41,8.62,1.48,9.24,0.74,0.79,9.5,9.92,2.76,1.81,1.37,24.93,19.27,1.2,0.75,15.39,2.15,2.08,28.21,28.76,35.11,1.55,1.55,14.1,13.73,8.08,1.61,43.48
NUECES,6.3,6.3,6.19,5.94,3.25,14.91,11.8,6.58,6.71,3.72,4.16,1.93,7.32,7.08,5.19,4.31,2.78,7.86,5.63,6.7,6.13,25.58,20.84,3,3.24,7.69,7.6,6.6,3.22,12.73,4.92,5.09,13.88,14.77,13.04,6.18,5.68,9.45,7.28,4.03,2.32,5.28,7.18,7.06,15.55,14.81,11.24,3.74,3.76,17.36,18.05,18.66,6.59,23
OCHILTREE,33.51,33.57,0.43,0.43,0.12,34.6,1.29,19.07,19.32,0.33,0.37,0.16,29.84,28.63,0.2,0.18,0.12,27.5,0.26,41.76,38.11,2.5,1.88,39.03,40.18,0,0,0,25.98,0,29.18,31.37,0,0,0,24.92,22.5,1.03,0.91,0.12,24.08,0.92,38.43,37.64,2.45,2.32,0.5,28.24,28.77,2.01,2.1,1.6,20.59,23.91
OLDHAM,31.76,32.78,0.8,0.8,0.22,42.55,1.18,31.25,31.79,0,0,0,18.57,16.88,0,0,0,22.46,7.72,13.75,12.76,16.23,12.83,4.57,4.71,3.53,3.47,0.42,5.99,14.3,4.56,5.27,18.12,18.89,10.35,5.95,5.62,11.38,9.57,0.78,1.83,12.87,5.74,5.6,28,29.22,3.23,0,0,19.34,19.8,10.55,0,48.94
ORANGE,14.34,14.19,2.21,2.14,0.75,30.16,5.34,16.1,16.37,2.5,2.7,1.14,17.22,16.3,3.72,3.74,1.32,8.95,8.77,6.08,5.34,30.8,24.72,1.73,1.83,6.62,6.72,2.62,2.08,15.5,2.5,2.66,17.4,17.97,8.19,4.2,3.8,17.27,14.3,11.46,2.17,10.78,6.5,6.26,18.29,18.24,8.24,2.25,2.28,21.67,21.94,19.52,2.39,31.39
PALO PINTO,21.33,21.33,2.38,2.42,1.14,36.94,3.62,17.7,17.91,1.94,2.12,0.4,24.26,23.42,1.19,1.07,0.28,16.44,3.29,11.74,10.33,18.13,14.26,4.07,4.24,2.82,2.86,0.37,1.98,13.52,1.87,1.88,19.91,19.52,11.37,4.87,4.55,17.85,14.56,5.41,1.59,7.52,4.49,4.43,19.27,19.79,4.63,2.24,2.23,14.21,14.05,12.83,4.05,27.71
PANOLA,21.39,22,2.41,2.35,0.7,33.83,4.42,21.16,21.91,1,1.48,0.82,18.61,17.01,3.29,3.23,1.4,12.45,6.46,5.31,4.59,30.01,24.4,1.58,1.63,6.27,6.27,1.99,2.97,13.99,1.49,1.53,22.05,22.65,10.48,5.11,4.64,11.39,9.41,1.62,0.97,24.1,4.68,4.68,29.9,33.66,19.37,0.64,0.64,38.74,38.4,38.12,0.9,39.32
PARKER,18.81,18.88,2.6,2.55,0.99,33.5,4.14,16.32,16.76,1.66,1.79,0.64,17.15,16.73,1.12,1.05,0.43,21.4,1.82,22.21,19.55,13.29,10.43,8.5,8.89,1.19,1.2,0.31,11.04,2.78,10.47,10.94,3.84,3.81,1.94,17.59,15.86,3.79,3.34,0.28,8.11,3.57,15.4,15.01,7.37,7.42,3.61,7.29,7.4,8.36,8.25,5.69,9.95,20.48
PARMER,26.01,26.29,1.03,1.03,0.07,28.61,2.64,19.09,19.53,0.68,0.65,0.14,18.4,18.22,0.5,0.48,0.16,29.14,0.64,16.8,14.86,13.06,10,9.51,9.69,0.98,0.98,0.26,17.36,4.11,12.57,13.9,6.1,6.55,0.67,25.23,22.97,8.29,6.49,0.17,5.84,2.07,12.78,12.64,7.18,7.56,1.11,5,4.95,6.94,6.99,4.95,6.22,24.16
PECOS,8.27,8.42,7.65,7.08,2.63,15.78,18.4,7.82,8.1,6.27,7.19,0.8,6.78,6.59,12.14,10.03,7.21,6.75,23.97,6.63,5.84,24,18.33,1.22,1.26,25.98,25.29,18.02,1.93,26,3.03,3.44,26.7,30.06,10.77,6.63,5.8,27.52,21.99,17.18,1.75,17.29,3.39,3.35,25.67,28.41,21.97,1.62,1.66,35.95,37.19,5.63,2.19,28.98
POLK,13.88,13.91,2.09,2.09,0.9,21.05,3.29,15.29,15.4,1.26,1.32,0.5,14.36,13.05,1.71,1.53,0.51,14.32,2.84,11.94,9.91,16.93,12.23,4.84,5.03,4.12,4.25,0.75,3.73,7.7,2.49,2.51,8.48,8.73,4.28,8.14,7.25,11.41,9.19,1.18,2.31,8.42,7.66,7.56,12.75,12.43,2.92,2.92,2.96,26.74,26.77,13.91,4.56,26.8
POTTER,14.54,14.66,2.86,2.77,0.91,21.63,5.02,13.84,14,1.51,1.59,0.29,10.69,10.49,1.82,1.63,0.32,14.82,1.6,16.63,14.97,13.48,10.38,9.27,9.77,1.78,1.81,0.35,14.59,2.54,8.07,7.73,3.92,3.97,1.01,16.43,14.29,3.13,2.7,0.26,6.56,3.19,15.56,15.42,4.47,4.31,1.03,9.36,9.37,5.09,5.17,3.35,17.62,14.74
PRESIDIO,0.5,0.5,23.69,20.21,20.97,2.09,29.12,0.31,0.31,15.01,18.94,0.58,0.24,0.22,24.82,15.67,11.88,0.51,17.32,0.69,0.59,33.47,23.09,0.11,0.11,16.97,15.98,12.12,0.28,26.59,0.31,0.27,21.42,24.98,16.2,0.8,0.62,31.24,20.69,23.87,0.66,20.38,0.83,0.74,37.09,34.32,14,0.56,0.56,29.96,33.71,6.2,2.05,37.01
RAINS,20.19,20.53,2.48,2.48,1,32.71,3.94,17.29,17.84,1.48,1.64,0.54,19.63,19.05,1.81,1.63,0.27,25.44,3.7,13.19,11.44,24.48,18.7,3.56,3.82,6.51,6.64,0.9,3.42,22.17,3.35,3.58,26.05,25.95,18.72,5.55,5.23,19.93,15.03,13.15,2.47,14.1,5.02,4.9,30.57,34.47,8.69,1.78,1.83,42.37,42.39,15.31,2.58,36.96
RANDALL,19.52,19.72,2.18,2.06,0.55,30.4,3.85,17.08,17.31,1.13,1.16,0.25,15.98,15.69,0.81,0.75,0.25,19.14,1.29,19.99,18.53,12.86,9.88,12.71,13.12,0.99,1.01,0.2,21.93,1.62,13.71,13.72,1.94,1.96,0.45,21.37,19.69,1.82,1.6,0.09,17.18,1.46,17.64,18.32,2.4,2.57,0.56,19.87,18.7,2.88,2.87,1.8,20.69,8.45
REAGAN,26.78,26.51,0.27,0.33,0.11,44.19,1.04,15.15,16.73,0.57,0.51,0.06,37.15,34.31,0.34,0.23,0.06,33.87,0.53,39.44,33.89,3.66,2.9,12.59,12.75,3.33,3.33,0.32,51.91,0.85,29.5,33.94,1.23,1.23,0.43,50.84,43.74,1.93,1.46,0.42,6.35,1.86,30.16,19.82,8.23,7.9,1.3,14.59,15.35,5.48,5.37,3.36,3.13,39.01
REAL,44.26,42.16,1.11,1.19,0.32,52.63,2.12,37.27,38.61,0.59,0.59,0.08,24.91,23.75,1.08,0.99,0.33,41.32,0.58,38.13,32.68,8.17,6.18,18.35,20.47,1.51,1.43,0.33,28.55,2.07,16.85,19.73,1.73,1.81,0.9,22.86,18.91,3.7,3.19,0.67,24.81,5.94,12.04,11.53,5.63,5.72,1.21,9.54,9.59,10.28,9.1,4.33,6.72,26.16
RED RIVER,15.67,15.58,2.94,2.96,0.89,30.71,6.04,18.52,19.45,3.38,3.84,0.66,18.65,16.75,4.3,3.64,0.45,10.27,8.58,2.64,2.19,40.35,29.33,0.53,0.55,19.01,19.44,19.55,0.94,26.58,0.52,0.51,29.48,29.01,14.73,1.74,1.58,26.15,19.4,19.54,0.65,13.58,1.98,1.89,23.94,29.36,19.02,0.47,0.48,36.22,35.62,27.85,0.92,44.52
REEVES,0.83,0.83,18.27,17.02,3.62,1.9,27.68,0,0,17.93,21.37,25.47,0.47,0.45,29.83,23.38,30.74,0.71,30.94,0,0,35.17,25.63,0.03,0.06,23.01,22.51,26.4,0,34.59,0,0.01,33.9,39.92,8.11,0.29,0.25,34.93,25.94,18.35,0.05,23.04,0.74,0.69,36.21,34.1,4.34,0,0,40.25,44.01,21.5,0,43.84
REFUGIO,9.55,9.45,6.96,6.58,2.13,19.53,17.25,11.59,12.37,4.66,5.08,0.62,8.07,7.86,8.66,7.35,1.68,6.88,18.23,5.04,4.42,38.3,29.09,0.94,1.07,23.94,22.36,1.09,1.92,26.1,0.79,0.81,26.32,28.09,9.03,3.32,2.94,14.99,12.41,0.81,1.24,17.7,6.03,5.84,15.24,14.86,7.5,1.35,1.36,32.83,33.79,12.13,1.98,25.62
ROBERTS,38.9,38.48,0.42,0.42,0.42,57.33,0.73,44.68,47.23,0,0,0,33.68,31.89,0,0,0,33.75,0,36.92,32.25,0,0,37.78,38.49,0,0,0,24.23,0,37.45,42.91,0,0,0,47.3,42.01,2.58,2.46,0.74,17.35,2.29,26.75,27.02,6.36,9.4,1.85,18.52,19.15,15.27,14.27,6.76,4.71,49.74
ROBERTSON,21.6,21.24,5.43,5.28,2.04,23.31,11.25,11.39,11.8,12.16,14.38,6.03,12.8,12.39,8.76,7.54,1.6,11.06,9.06,6.15,5.58,29.09,20.69,3.66,3.89,18.94,19.41,16.82,4.16,19.74,2.52,2.64,28.47,28.64,31.09,4.78,4.45,25.55,22.58,11,1.61,23.9,3.52,3.48,33.84,35.81,36.44,2.19,2.15,18.25,19.4,10.09,2.76,27.5
ROCKWALL,16.26,16.32,4.08,4.06,1.02,32.34,5.42,16.02,16.23,1.82,1.94,0.78,17.97,17.58,1.4,1.26,0.6,21.3,1.61,18.99,16.83,19.49,13.84,9.65,10.12,0.81,0.81,0.28,13.19,2.07,9.52,10.08,2.21,2.18,1.78,24.38,21.28,1.65,1.25,0.17,14.12,1.06,25.25,24.63,2.59,2.6,1.35,11.83,11.92,4.25,4.18,3.63,23.73,9.58
RUNNELS,21.53,21.7,1.22,1.2,0.57,36.82,2.13,24.43,25.26,0.63,0.67,0.12,19.39,18.79,0.69,0.65,0.24,26.19,2.42,12.13,10.71,16.3,12.46,4.8,5.22,13.62,13.4,1.14,3.84,10.93,1.66,1.8,18.24,19.09,8.01,4.18,3.92,16.59,13.02,1.47,1.76,12.79,3.87,3.75,17.17,18.01,3.49,2.1,2.14,27.52,27.46,18.45,1.54,42.15
RUSK,18.45,18.65,2.67,2.63,1.2,32.15,4.74,15.03,15.49,1.1,1,0.31,19.87,18.51,2.02,2.04,1.01,19.87,2.15,17.11,13.65,16.78,11.49,10.81,11.62,2.4,2.45,0.4,12.8,6.56,3.66,3.77,6.88,7.01,3.43,10.02,8.71,9.86,7.06,1.75,2.87,4.06,9.73,9.52,16.12,18.66,13.67,3.81,3.71,19.9,18.74,10.34,4.13,25.38
SABINE,27.11,27.05,2.29,2.29,0.58,38.32,3.88,22.01,22.35,1.94,1.96,0.37,14.92,14.24,2.82,2.67,0.94,12.27,13.98,12.62,10.94,36.33,28.18,11.21,12.07,14.01,14.29,1.39,4.93,21.76,1.86,1.83,10.3,10.67,2.29,4.36,3.85,26.43,22.86,21.31,2.37,14.13,2.7,2.65,36.11,36.49,4.52,1.06,1.03,43.24,45.33,16.55,1.04,53.33
SAN AUGUSTINE,16.34,16.35,3.6,3.6,1.3,33.54,7.31,12.31,12.57,5.2,5.71,1.42,5.92,5.67,24.13,20.66,1.47,4.68,28.54,2.77,2.22,43.59,32.6,1.47,1.44,25.14,25.36,26.98,1.83,26.57,0.35,0.4,30.99,31.77,29.39,1.36,1.23,31.65,25.92,26.2,0.5,14.65,0.89,0.87,36.08,37.72,5.02,0.64,0.65,30.28,31.84,17.41,0.52,49.33
SAN JACINTO,24.65,24.39,2.88,2.82,0.79,28.65,4.68,15.56,15.79,3.57,3.85,0.87,12.57,12.23,8.18,7.53,0.97,13.45,11.24,9.57,8.35,27.34,20.85,4.71,4.91,10.59,11.14,3.73,4.51,13.39,3.4,3.45,22.18,22.55,14.47,6.99,6.32,22.04,19.35,8.54,3.27,16.05,6.05,5.88,30.28,28.25,23.5,2.32,2.37,27.45,27.99,8.7,2.76,32.57
SAN PATRICIO,10.89,10.9,5.31,5.02,1.67,17.89,9.15,8.24,7.49,3.68,4.19,2.71,7.99,7.88,5.94,4.2,1.47,8.12,4.69,6.66,5.87,20.51,16.34,3.37,3.53,6.35,5.75,2.27,2.02,8.66,2.74,2.93,11.95,12.81,5.8,3.96,3.66,8.01,6.53,0.81,1.73,3.01,6.08,5.96,15.14,14.59,5.93,4.82,4.89,19.03,19.09,17.35,3.9,21.85
SAN SABA,31.08,30.65,1.11,1.06,0.16,38.7,2.31,25.02,25.73,1.12,1.12,0.25,43.04,39.94,0.61,0.59,0.35,29.85,2.5,8.04,6.93,14.2,10.5,21.97,23.06,4.58,4.66,0.46,28.4,3.87,5.68,5.79,7.23,7.59,2.54,12.84,11.15,8.59,6.73,0.76,3.87,13.38,7.27,7.11,28.64,27.21,5.03,1.17,1.2,40.33,40.67,33.68,1.38,48.77
SCHLEICHER,23.9,23.45,3.95,4.01,1.58,29.25,5.06,23.73,24.58,7.68,8.93,1.75,13.61,13.1,3.47,3.3,1.54,17.52,3.31,13.88,12.29,18.51,14.73,5.02,5.07,3.34,3.56,1.29,5.64,21.74,8.14,9.02,17.38,19.2,2.15,12.96,11.94,8.38,6.45,1.25,4.59,9.56,2.99,2.93,38.13,38.07,45.38,5.84,5.9,37.74,36.85,32.78,3.75,45.72
SCURRY,21.44,21.37,0.92,0.91,0.43,30.38,2.69,17.65,18.22,1.02,1.03,0.09,22.54,21.53,1.05,1.05,0.2,26.5,1.94,21.33,17.99,9.53,7.43,5.7,5.48,1.47,1.46,0.33,10.11,2.81,7.3,8.07,5.19,5.43,0.69,13.65,11.9,5.89,4.83,2.42,16.84,2.86,9.68,9.41,12.74,13.06,1.45,8.68,9.19,20.5,20.04,6.68,4.24,21.36
SHACKELFORD,36.28,35.41,0.48,0.44,0.17,51.42,1.33,19.64,20.25,0,0,0,32.79,29.24,0.57,0.53,0.26,25.7,0.26,6.2,5.33,29.92,21.72,3.29,3.73,8.93,8.02,0.12,2.4,3.9,3.45,3.49,21.25,21.89,28.31,5.31,4.9,12.34,8.64,3.91,3.12,6.57,6.01,5.92,17.14,18.19,2.98,1.68,1.68,40.81,40.28,14.66,2.02,47.41
SHELBY,20.85,21.05,1.68,1.66,0.52,35.59,3.02,19.92,20.82,2.83,3.15,0.43,25.37,23.08,4.37,4.01,0.92,14.44,5.66,12,9.79,25.42,19.36,10.09,11.17,12.59,12.5,4.37,9.23,20.32,4.67,5,13.67,13.98,2.67,6.02,5.52,26.88,22.35,22.73,1.6,7.49,2.76,2.69,38.09,39.73,18.68,0.72,0.75,24.02,24.14,13.11,0.57,49.51
SHERMAN,35.55,36.28,1.26,1.2,0.33,34.47,2.11,25.2,24.73,1.01,0.74,0.27,43.01,41.27,0.21,0.21,0,34.08,0.98,33.05,27.08,13.86,10.59,36.29,34.38,1.49,1.42,0.5,16.53,5.28,4.02,4.4,7.12,7.18,1.55,11.81,10.7,9.3,6.96,0.18,2.98,6.02,12.44,11.06,6.6,7.22,2.83,3.65,3.71,16.98,17.1,8.46,10.14,22.82
SMITH,17.37,17.34,3.57,3.58,0.84,31.04,6.08,16.77,17.09,1.61,1.74,0.31,22.67,21.63,1.87,1.64,0.49,16.22,2.41,18.19,16.03,15.03,9.96,10.45,11.09,2.16,2.18,0.27,16.78,2.77,12.12,12.47,4,4.07,3.1,15.76,14.74,3.21,2.82,0.43,14.36,2.23,16.72,17.06,3.98,3.98,1.78,11.57,11.34,8.26,8.17,7.13,18.82,10.72
SOMERVELL,29.58,29.23,2.13,2,0.84,42.95,2.31,27.6,34.5,0.74,0.78,0.39,26.83,25.22,1.72,1.69,0.54,17.11,12.42,13.36,11.86,19.52,14.51,7.56,7.65,4.14,4.03,0.77,6.46,6,7.11,7.55,17.8,17.64,10.41,6.39,5.71,26.05,18.48,5.15,4.29,14.7,5.75,5.49,26.91,26.56,3.82,3.13,3.16,37.15,36.96,39.31,3.34,34.18
STARR,0.05,0.05,20.74,20.11,11.24,0.42,29.16,0.08,0.08,17.49,14.37,5.49,0.07,0.05,24.95,15.84,5.12,0.14,15.42,0.38,0.29,32.82,19.65,0.03,0.04,9.8,9.48,0.17,0.07,23.33,0.02,0.02,22.83,33.08,20.55,0.22,0.17,40.25,23.85,3.72,0.18,13.84,0.66,0.41,37.63,25.45,15.92,0.14,0.13,29.28,30.93,13.94,0.08,23.94
STEPHENS,30.32,29.92,0.79,0.81,0.42,47.39,1.46,31.75,33.6,0.87,0.93,0.22,19.86,18.7,4.71,4.12,1.06,13.9,5.05,10.15,7.99,20.49,15.88,1.3,1.3,4.06,4.03,0.76,1.44,12.62,2.21,2.31,32.19,33.06,12.15,5.26,4.69,15.13,12.45,7.32,1.19,15.4,3.55,3.48,28.22,30.53,11.86,1.33,1.32,40.44,38.57,30.22,1.13,43.4
STERLING,40.77,39.67,0.77,0.77,0,46.24,1.17,44.1,46.51,0.24,0.24,0,38,33.66,1.45,1.45,0,23.95,0,24.8,19.38,9.69,6,38.93,37.44,0.68,0.68,0,35.79,3.32,19.74,22.59,3.83,4.03,0.39,21.33,19.6,5.86,5.19,0.86,12.97,13.35,22.97,21.29,6.53,6.43,2.21,6.89,6.78,19.55,19.89,7.34,6.26,21.18
STONEWALL,12.32,12.84,9.68,9.05,2.32,28.83,10.69,4.85,5.34,15.43,19.68,1.98,7.9,7.13,5.2,5.49,1.25,2.56,42.22,0,0,44.43,33.58,0,0,36.07,36.88,3.34,1.61,19.52,0.67,0.75,42.6,45.59,19.88,1.01,1.01,44.73,32.55,14.91,2.69,35.23,7.94,7.94,35.4,32.38,12.25,1.47,1.47,49.76,48.78,15.4,0.98,53.03
SUTTON,27.27,27.92,2.88,2.96,1.06,39.58,1.58,32.96,34.82,1.05,1.3,0,9.9,9.46,10.26,8.63,1.52,17.57,4.92,11.44,10.62,16.81,12.76,9.86,9.33,11.01,10.74,0.42,4.81,6.03,2.41,2.53,5.54,5.66,1.27,9.5,9.02,11.2,7.29,0.36,3.94,2.44,5.44,5.39,16.95,17.47,2.33,4.97,5.01,12.32,12.32,2.8,4.14,24.57
SWISHER,17.95,18.2,3,2.97,1.14,22.74,5.82,10.2,10.25,9.97,11.39,4.75,6.08,6.11,9.04,8.9,1.19,6.94,8.58,3.09,2.81,29.22,23.17,1.13,1.19,12.09,12.34,12.87,6.57,7.92,1.25,1.37,24.3,24.72,3.08,2.91,2.68,14.18,11.67,0.82,1.36,14.89,2.3,2.28,19.27,19.77,15.74,0.86,0.78,40.11,40.93,14.66,1.21,34.45
TARRANT,9.63,9.61,6.56,6.54,2.18,20.99,10.24,9.31,9.58,3.79,4.95,1.03,9.54,9.39,3.31,2.88,1.9,11.75,2.51,11.21,9.75,22.2,16.53,4.21,4.51,1.49,1.54,0.48,2.93,3.55,4.17,4.06,4.36,4.35,4.63,10.44,9.43,3.34,2.81,0.62,4.83,1.35,11.56,11.25,4.35,4.18,2.71,5.54,5.54,4.45,4.45,4.41,12.74,11.07
TAYLOR,10.81,10.84,2.47,2.38,0.75,29.87,4.4,16.4,16.67,1.22,1.29,0.37,15.09,14.67,1.07,1.01,0.46,17.16,1.6,16.96,15.13,14.24,10.62,11.58,11.73,1.57,1.55,0.87,9.14,2.86,5.65,5.58,3.23,3.35,1.01,12.58,11.52,2.85,2.25,0.25,13.96,2.7,14.42,12.64,3.89,3.9,0.84,12.1,12.2,6.37,6.24,4.15,16.62,17.82
TERRELL,8.37,8.37,28.34,25.55,6.17,17.08,22.29,12.09,12.44,9.74,13.62,3.05,8.39,7.61,18.68,15.32,6.82,3.7,44.1,8.68,7.07,26.05,19.6,0,0,36.95,38.89,43.67,0.52,38.14,0.87,0.87,47.7,55.42,62.39,1.11,1.11,45.86,33,27.94,0.37,27.89,2.72,2.6,19.24,18.65,19.13,0,0,35.57,36.43,6.16,0,43.92
TERRY,17.74,17.85,1.9,1.79,0.36,26.23,3.44,22.54,24.34,1.4,1.59,0.37,18.43,18.25,4.06,3.41,0.37,10.92,11.83,4.39,4.07,30.48,23.79,1.94,1.98,13.76,13.74,0.65,1.63,17.68,1.73,1.88,14.32,14.46,1.15,6.84,6.49,10.07,8.55,6.47,4.7,7.07,5.69,5.53,6.69,7.28,1.81,2.08,2.1,16.32,15.75,10.52,2.54,34.64
THROCKMORTON,36.75,36.91,0.58,0.5,0.33,34.34,3.43,28.07,30.18,0,0,0,51.97,42.33,0,0,0,0,23.99,0,0,50.72,33.11,0,0,17.8,16.42,3.74,1.33,14.81,1.94,2.64,29.84,30.23,4.27,1.46,1.38,32.18,24.14,34.79,1.61,17.76,1.79,1.63,39.36,42.62,51.86,0,0,46.08,54.81,25.37,0,59.46
TITUS,19.2,19.19,3.4,3.31,0.91,27.61,4.85,11.17,11.38,2.62,2.8,1.04,9.86,9.56,3.8,3.79,0.92,9.33,11.95,6.54,5.63,31.32,25.05,2.33,2.44,13.13,13.6,2.16,3.8,15.53,2.72,2.83,21.64,22.16,6.56,4.37,3.87,22.75,18.69,5.59,1.81,15.4,4.6,4.52,30.16,34.35,22.56,1.55,1.58,31.66,31.14,23.73,1.67,43.07
TOM GREEN,11.04,11.1,2.8,2.65,1.4,27.45,4.86,13.52,13.72,1.44,1.55,0.47,14.66,14.33,1.72,1.58,0.41,16.04,1.82,13.38,12.29,15.58,12.02,13.97,14.45,1.63,1.7,0.56,11.98,3.36,11.12,11.54,4,4.14,1.13,16.97,15.19,3.57,3.16,0.4,9.16,2.06,13.84,13.64,7.39,7.16,2.29,8.13,8.2,5.06,5.05,4.23,10.7,22.76
TRAVIS,5.29,5.32,15.36,14.52,7.06,12.72,21.61,5.41,5.43,6.75,7.6,2.48,7.03,6.84,6.94,6.14,2,8.59,6.51,2.68,6.43,33.46,25.15,2.71,2.88,3.31,3.51,1.5,5.28,11.99,3.78,3.62,8.22,8.22,6.25,8.95,7.55,6.49,4.84,1.01,4.7,4.89,10.26,9.89,9.2,8.68,4.93,4.96,4.95,10.94,10.95,9.05,10.07,19.23
TRINITY,24.4,23.99,1.87,1.88,0.79,30.79,4.06,20.88,21.27,3.26,3.51,0.84,11.9,11.4,8.21,7.04,1.29,6.62,23.15,2.93,2.62,39.55,29.84,1.22,1.29,18.51,19.56,1.32,0.78,28.27,1.07,1.06,25.43,26.76,8.87,3.66,3.28,22.72,18.63,1.66,1.68,21.16,4.58,4.4,32.14,31.31,4.35,1.95,1.94,33.29,34.08,16.94,3.36,36.91
TYLER,24.56,24.03,2.32,2.28,0.59,32.94,4.68,18.72,18.51,2.44,2.6,0.87,26.67,24.49,3.54,3.34,0.63,10.26,11.3,7.65,6.69,32.58,24.54,1.48,1.54,18.29,18.63,4.2,1.04,31.41,1.22,1.3,18.74,19.76,3.18,3.28,2.92,28.33,23.08,7.18,1.21,15.28,6.41,6.12,24.62,25.6,11.62,1.47,1.45,30.62,30.68,14.51,1.58,38.68
UPSHUR,18.12,18.33,2.6,2.58,1.06,31.38,3.75,14.91,15.29,0.96,1.05,0.32,20.49,19.92,1.86,1.74,0.67,17.45,3.55,11.64,10.14,22.93,17.62,4.7,4.97,8.55,8.6,6.76,7.12,11.86,3.01,3.16,25.85,26.72,22.65,6.26,5.64,19.01,15.46,5.21,3.1,15.61,6.18,6.05,21.14,23.81,12.83,2.91,3.05,30.18,29.44,25.93,2.95,27.85
UPTON,41.41,41.6,1.57,1.47,0.81,29.67,7.41,5.49,5.82,13.94,16.38,0.99,4.84,4.47,19.1,16.27,2.78,0.15,29.37,0,0,38.2,27.54,0,0,15.65,14.6,14.65,0,22.55,0,0,16.93,17.69,2.33,0,0,36.1,28.17,8.64,0.54,10.28,3.58,3.41,22.14,24.17,2.37,1.18,0.85,45.07,44.6,27.47,1.72,51.6
UVALDE,7.23,7.19,12.54,12.35,2.85,13.74,17.13,8.44,8.46,9.55,11.21,1.38,7.88,7.56,12.19,10.29,4.69,8.75,19.46,8.72,7.9,29.03,25.42,2.5,2.64,11.78,11.96,1.28,1.19,23.35,1.41,1.44,27.75,30.37,9.48,4.45,4.02,17.96,14.2,2.77,2.24,14.65,5.78,5.65,13.99,13.24,4.74,2.92,2.88,30.17,29.04,8.08,2.27,34.4
VAL VERDE,4.34,4.31,12.15,11.75,10.36,9.63,10.15,4.7,4.76,11.84,12.93,5.2,3.82,3.6,8.59,6.71,5.59,5.25,10.18,4.41,3.89,19.79,17.21,1.29,1.27,6.07,6.13,0.29,2.54,7.1,1.76,1.81,8.96,9.7,1.6,4.06,3.7,18.31,13.26,0.28,2.72,13.21,8.3,8.09,9.19,8.75,4.12,3.77,3.82,19.56,20.38,8.27,5.41,20.63
VAN ZANDT,23.9,24.07,1.84,1.85,0.76,34.04,3.27,17.81,18.5,1.28,1.39,0.23,22.57,22.01,1.37,1.32,0.57,21.11,2.37,16.74,14.95,19.07,14.83,6.87,7.37,1.98,2.03,0.56,4.51,5.86,5.42,5.78,10.79,10.67,4.26,10.41,8.98,9.78,8.01,0.87,3.17,7.97,8.32,8.19,12.72,13.61,12.71,3.12,3.15,23.68,23.15,18.14,5.28,28.7
VICTORIA,16.17,16,3.45,3.4,1.9,23.33,6.53,12.65,12.93,1.51,2.76,1.22,15.24,14.79,4.87,4.41,3.32,14.88,7.32,11.06,9.98,18.28,14.16,7.47,7.67,5.72,5.59,5.82,5.11,7.15,3.46,3.59,10.54,11.65,2.84,8.83,7.65,4.23,3.36,1.34,9.17,5.13,12.3,9.81,6.49,5.55,2.16,4.56,4.57,5.83,5.78,3.85,8.12,13.76
WALKER,20.79,20.53,3.72,3.68,1.29,28.23,6.94,16.63,17.11,2.41,2.56,0.91,18.63,18.05,2.53,2.35,0.82,19.11,4.85,16.89,15.06,19.98,15.46,8.57,9.03,2.72,2.81,0.6,12.3,7.88,8.5,8.48,5.1,5.13,2.15,11.06,9.94,4.14,3.35,0.24,5.52,5.87,10.45,10.22,17.44,16.75,9.92,3.92,3.93,17.46,17.59,13.91,8.25,18.49
WALLER,12.68,12.59,3.81,3.88,1.32,20.37,6.12,13.25,13.51,2.77,2.96,0.67,12.15,11.85,3.36,2.75,1.51,15.02,3.22,13.15,11.28,17.6,14.59,9.7,9.95,2.25,2.43,0.41,11.67,5.38,8.53,8.85,7.59,7.67,2.56,7.66,7,6.19,5.4,0.42,4.5,10.56,6.92,6.85,14.35,13.02,2.07,3.42,3.5,15.92,16.03,9.11,3.46,26.74
WARD,11.28,11.21,9.18,8.83,1.54,23.09,7.87,10.37,10.78,7.85,8.53,0.88,9.6,9.44,3.66,3.17,2.21,11.36,12.3,2.39,2.03,35.34,28.84,1.08,1.08,34.84,34.38,7.65,0.73,22.75,0.76,0.84,35.6,38.18,30.52,1.85,1.66,32.48,25.94,1.23,0.47,23.46,2.35,2.3,30.73,31.63,13.26,1.57,1.55,32.11,32.14,24.24,2.53,44.38
WASHINGTON,24.27,23.91,3.42,3.41,1.74,30.58,4.86,19.69,20.12,1.52,1.62,0.73,27.55,26.66,1.56,1.44,0.72,28.08,3.17,26.41,23.95,15.08,11.49,9.1,9.31,2.76,2.87,0.77,14.87,5.18,10.22,10.59,3.64,3.63,1.8,23.49,21.18,7.17,6.13,0.55,6.69,1.99,13.33,13.01,5.79,5.79,1.19,8.9,8.98,9.06,8.84,4.85,8.28,21.43
WEBB,1.13,1.13,16.75,16.45,9.02,3.47,21.9,1.01,1.01,19.53,21.02,9.83,1.12,1.05,19.86,16.79,15.43,1.17,26.37,1.22,1.11,41.61,37.06,0.74,0.86,25.8,25.27,18.35,0.9,28.97,0.68,0.68,31.58,35.48,12.59,1.56,1.38,26.68,22.8,26.87,0.71,15.18,1.26,1.23,26.83,25.59,4.58,0.65,0.67,27.3,27.58,12.55,0.75,27.3
WHARTON,17.06,16.84,3.37,3.44,1.23,27.68,5,14.85,15.09,1.77,1.87,0.41,19.63,19.08,2.34,2.16,0.78,19.95,4.75,14.77,13.29,20.8,15.68,9.93,9.6,2.5,2.61,0.37,10.41,4.13,7.85,8.4,13.65,13.72,2.44,19.86,17.68,7,6.18,0.21,3.46,13.2,10.67,10.56,16.8,16.52,5.91,2.68,2.72,27.61,27.64,21.08,3.39,35.05
WHEELER,29.31,30.28,0.7,0.7,0.32,48.58,1.82,19.31,20.01,1.06,1.17,0.15,39.9,36.04,0.91,0.91,0.49,19.5,7.58,15.18,9.38,21.22,15.5,3.83,4.05,12.78,12.91,0.72,6.41,19.34,1.42,1.61,18.37,19.55,11.39,8.15,7.3,30.55,23.62,10.42,3.65,23.34,6.21,5.97,24.6,25.57,19.36,3.84,3.84,31.6,33.33,19.89,4.62,45.3
WICHITA,13.46,13.33,2.32,2.26,0.6,20.73,4.65,11.22,11.51,1.7,1.79,0.64,10.36,9.79,1.37,1.25,0.45,17.35,1.95,12.66,10.31,15.67,11.09,5.95,6.3,2.13,2.13,0.25,2.76,3.34,5.21,6.04,3.42,3.46,1.35,7.88,7.3,3.21,2.81,0.33,7.73,5.69,9.3,9.21,8.32,8.48,3.19,5.42,5.43,8.12,8.33,4.07,7.75,17.67
WILBARGER,8.55,8.56,1.83,1.86,0.58,30.3,2.82,10.06,10.43,5.45,6.52,0.96,10.4,9.81,1.24,1.16,0.35,13.11,3.52,7.61,6.71,22.74,17.33,5.24,5.42,2.72,2.87,0.19,1.44,14.64,2.19,2.59,16.35,17.54,1.09,7.62,7.14,9.99,8.12,6.38,5.7,3.87,6.81,6.73,14.82,14.89,4.95,1.45,1.48,31.53,32.29,12.98,2.54,34.77
WILLACY,1.21,1.2,13.18,13.1,9.55,2.84,25.06,1.08,1.13,20.42,21.68,7.61,1.11,1.09,22.92,18.96,6.96,0.88,26.54,0.35,0.32,44.05,36.97,0.09,0.11,24.21,23.24,19.67,0.26,27.43,0.19,0.21,30.23,32.5,30.74,0.51,0.42,31.31,24.2,8.27,0.4,16.98,1.21,1.19,31.59,29.11,19.48,0.79,0.78,29.64,29.54,32.98,0.56,36.83
WILLIAMSON,11.41,11.29,8.13,7.73,3.6,23.93,11.06,9.24,9.3,2.57,2.76,1.08,13.27,12.81,1.94,1.76,0.63,14.63,3.08,13.75,12.53,23.53,17.82,5.73,6.02,1.23,1.26,0.68,13.33,4.49,7.77,7.75,3.64,3.66,2.28,14.95,13.34,2.58,2.19,0.3,6.36,2.29,15.58,15.12,3.83,3.72,1.6,11.29,11.34,4.94,4.92,3.28,13.39,13.5
WILSON,15.29,15.02,2.82,2.76,0.85,28.41,6.09,13.49,13.79,3.97,4.23,2.51,12.63,12.43,2.39,2.24,0.51,14.22,8.39,12.66,11.76,22.61,18.66,5.63,6.32,8.76,8.74,0.49,3.03,14.83,4.28,4.27,19.51,21.46,8.68,8.97,8.05,7.99,5.89,0.24,11.54,8.92,9.08,8.78,12.54,11.64,1.55,6.82,6.82,20.37,20.71,4.76,4.21,26.76
WINKLER,18.38,18.3,1.13,1.08,0.26,33.41,1.17,21.03,22.19,0.63,0.69,0.03,13.44,12.96,0,0,0,18.07,2.12,22.09,19.99,9.84,7.44,9.36,9.25,4.67,4.48,0.42,23.01,3.5,8.1,9.2,5.74,6.08,0.35,23.3,19.42,4.04,3.43,0.27,2.24,14.61,3.81,3.76,24.44,28.21,6.88,2.8,2.89,33.7,33.2,31.71,2.99,34.86
WISE,16.98,16.92,1.89,1.91,0.78,30.05,3.62,15.67,15.69,1.62,1.68,0.59,13.82,13.53,0.89,0.85,0.27,20.13,1.78,17.05,14.88,13.11,10.73,5.42,5.63,1.79,1.85,0.25,9.62,5.78,4.34,4.46,6.22,6.21,2.14,9.15,8.4,6.13,4.94,0.41,2.55,4.78,6.62,6.51,12.73,12.92,13.4,3.68,3.68,15.39,15.26,11.82,4.09,28.39
WOOD,21.35,21.46,2.26,2.28,0.74,39.09,3.46,18.08,18.05,1.42,1.49,0.3,28.26,25.63,1.17,1.06,0.44,22.49,2.87,26.12,23.07,15.98,12,11.08,11.77,2.57,2.57,0.72,14.67,9.52,8.6,9.04,10.7,10.76,7.75,16.21,14.11,9.67,7.83,3.22,6.97,8.61,12.13,11.9,9.15,9.72,5.41,5.22,5.23,12.87,12.45,10.4,10.5,28.02
YOAKUM,25.8,26.89,0.36,0.33,0.1,38.37,0.52,21.57,22.03,0,0,0,27.66,27.3,0,0,0,33.64,1.62,15.37,13.77,13.5,11.47,13.79,13.32,2.16,2.09,0.44,16.83,5.88,11.83,14.13,6.63,6.9,3.72,14.5,13.33,15.7,13.18,1.33,13.86,11.62,7.1,5.41,14.71,15.88,13.36,4.65,4.57,37.27,36.51,13.27,3.94,23.48
YOUNG,23.06,23.37,1.63,1.56,0.82,36.44,2.96,18.08,18.52,1.26,1.4,0.31,24.58,22.87,1.43,1.32,0.46,22.77,2.55,20.21,17.56,15.69,11.74,3.96,4.13,2.23,2.34,0.67,7.54,5.34,4.32,4.58,12.38,12.65,9.67,8.72,7.96,10.02,8.41,0.49,2.96,5.44,4.67,4.48,22.84,24.82,2.04,2.58,2.65,23.96,24.08,17.63,1.76,41.66
ZAPATA,0.29,0.29,20.45,17.73,1.18,1.14,38.67,0,0,19.86,20.87,6.45,0.28,0.23,34.12,26.74,0.93,0,44.69,0,0,44.71,36.05,0,0,34.02,32.91,23.63,0.32,33,0.46,0.52,35.5,44.53,13.8,1.56,1.43,37.72,26.17,23.82,0.94,25.63,2.39,2.36,39.58,35.46,5.23,1.72,1.83,36.04,37.81,13.41,6.36,34.13
ZAVALA,0,0,20.28,19.65,9.1,0.43,23.94,0,0,13.43,13.92,2.46,0,0,32.48,20.54,15.65,0.19,31.75,0,0,47.2,30.49,0,0,18.46,17.44,7.24,0.17,17.07,0.55,0.58,29.6,37.98,29.56,0.67,0.4,33.73,21.81,26.02,0.64,17.16,0.4,0.25,35.25,28.21,29.31,0,0,29.83,35.16,20.15,0,33.41